restaurant_id,name
4800, Charoen Rung Rueang International Buffet MS Siam Tower Rama 3
3740, Estrela Rooftop Bar & Restaurant (Phuket)
5836, IGNIV Bangkok at The St.Regis Bangkok (One Michelin Star)
6449, Little Lazy Lizard
6122, Ninja Izakaya
5762, Sand Box Beachfront Bar & Eatery Phuket
6418, WYWS Cocktail Bar
6473,&T modern Thai grill 
3379,'@RICE Restaurant by At Rice Resort (Nakhon Nayok)
6438,1 Of A Kind
6047,1-Altitude Coast
6420,100 Degrees Hotpot Central Chaengwattana
6421,100 Degrees Hotpot Cosmo Bazaar
5659,1010 Wine Bar & Restaurant 
2724,123 ICHI NI SAN Sathorn Soi 1
6617,13 Coins Ngamwongwan
2519,13 Coins Sukhumvit 49 
3471,130Sportcomplex
5972,1823 Tea Lounge by Ronnefeldt
4720,1897 Lounge at Siam Kempinski Hotel Bangkok
5908,1947 Kitchen at Hyatt Place Bangkok Sukhumvit 1
5739,2 Béo Vietnamese Restaurant
3805,204 Bistro at Jubilee Prestige Hotel Ratchadapisek
6724,21 Rooftop Hyatt Centric City Centre
5255,212 Rooftop Bar At Ibis Styles Bangkok Ratchada
6100,224 Winesphere 
5554,24 Twenty-Four Food & Beverage
1069,27 Bites Brasserie at Radisson Blu Plaza Bangkok
5165,28Ventotto 
6117,298 Nikuya Yakiniku
3481,4K Cafe by Cross Vibe Decem (Chiang Mai)
2475,4K Café Cross Vibe Bangkok Sukhumvit Hotel
5427,501 Home Cook 
6290,54 Shabu Buffet & Mala 
1826,57th Street Marriott Sukhumvit 57
6183,61 Bistro
5880,77 JET SIP JET
6058,7th Street Bar & Bistro Mega Bangna
5574,8 Korean BBQ at Shaw Centre
2451,82 Concept 
3806,8855 Restaurant & Bar
6869,A Beautiful Day Café Tea Room + Cocktail Bar
4718,A Bowl of Pasta
3801,A Day Butcher and Eatery
3698,A Day Cafe & Bar
5567,A JUM MA Specialty Kimbap
6545,A Seven at Davinia Resort (Hua Hin)
4094,A'LA Craft Kiri Vari (Nan)
4987,A.P.P Bangkok 
4229,AB Indian Cuisine Asoke
5720,ABBA Cafe (Too Fast Infinity Samyan) 
3112,AIRE Bar at Hyatt Place Bangkok Sukhumvit 24
5623,AKATO BKK
5052,AKI Traditional Omakase
2424,ALATi at Siam Kempinski Hotel Bangkok
4624,ALEK Seafood INTL Buffet Fortune Town
5333,ALRAY Fish & Chips
4098,ANG MORR Sukhumvit 38
6345,ARIES 24 Cafe' & Resto Bar
6714,ARISE Rooftop Bar at AMANOR Hotel Chiang Mai
2723,ARUN THAI CUISINE BY SEE FAH
4705,AV izakaya Lat Phrao 71
4708,AV izakaya Saphan Khwai
4254,AVA Brasserie at InterContinental Bangkok Sukhumvit
6558,AYAR HOUSE 
3577,Abandoned Mansion
4751,About Beef Lava Grill
6090,Above Eleven
2853,Above Riva at Riva Arun
6279,Absurdities Singapore
5069,Abushi
6857,Acire 
4608,AdHoc Bkk
5197,Aey Seafood
3126,Ago Cafe	Ago Hotel Chinatown
5388,Aground Cafe And Restaurant
5889,Aha's Shabu & Grill 
6553,Aimée Petit Bistro
2060,AkaAza Rooftop Bar Amara Bangkok
3167,Akako Omakase 
4545,Akanee Bangkok
5767,Akase Shabu 
5479,Akimitsu Tendon Central Si Racha
5477,Akimitsu Tendon Central World
5478,Akimitsu Tendon Iconsiam
5922,Akira Back at JW Marriott Hotel Singapore South Beach
5902,Al Bahr Beach Bar @Marrakesh (Hua Hin)
4091,Aladeen Restaurant
3933,Alangka Cruise
2632,Alangkarn Sushi Rama 2
4649,Alberto’s Pizzeria & Trattoria Novotel Bangkok Future Park Rangsit
1728,Albricias at Chatrium Residence Sathorn
4472,Ale House - Riverside Bar at Millennium Hilton Bangkok
2371,Aleenta Restaurant in Aleenta Hua Hin Resort & Spa (Hua hin)
2664,Alexa Beach Club (Pattaya)
6671,Alice’s Dining Hall
5733,All Day Fine
6566,Allora Ristorante and Bar
5246,Alma by Juan Amador 
3544,Alpina Wine & Bistro
6771,Amano Steak & Wine
2183,Amara Bangkok Hotel Staycation
949,Amaya Food Gallery Amari Bangkok
6762,Amaya Food Gallery At Amari Kuala Lumpur
4509,"Ambrosia at Ten Six Hundred, Chao Phraya, Bangkok by Preference"
5569,Amorretto Cafe & Bistro
5645,Amò
5374,An La Ghien
5020,Anacot Revtaurant Si Phraya 
4616,Anchan Cafe Sukhumvit 49
3033,Anchan Cafe Vibhavadi
6462,Anchor Premium Buffet
4463,Ancient Tea House Asiatique the Riverfront
4288,Aneki × Paper Meal 
4925,Ang Sila Bangna Seafood
6275,Angel Shabu Mala Bearing 17
5521,Ani Shabu (Chonburi)
6544,Annyeong Grill 안녕 그릴  Ozone One – Songprapha
6543,Annyeong Grill 안녕 그릴 Railway Station (Chiangmai)
6542,Annyeong Grill 안녕 그릴 San Phi Suea (Chiangmai)
3676,Another Round
2739,Anya Authentic Thai Cuisine
6486,Anya's Place
6246,Ao Talay Theprak Saphan Mai
5642,Apollo at Furama Riverfront Hotel
5048,April64 
5711,Apsara Cruise by Banyan Tree
4165,Aqua Bar & Grill Springfield at Sea Resort & Spa (Hua Hin)
4137,Aquario Rooftop Pool Bar & Restaurant The Sanctuary Resort (Pattaya)
6161,Ar Tee Mala Shabu Ping Yang
3757,Area Five Café and Eatery
6089,Areeya Mookrata Chula-Banthat Thong
6088,Areeya Mookrata New Petchaburi
6086,Areeya Mookrata Pradiphat
3712,Arno's Naradhiwas Rajanagarindra Soi 20
3582,Arno's Phong Phet
3209,Arno's Silom Serene Hotel
3581,Arno's The Circle Ratchapruek
3583,Arno's Town Riverside
5043,Aroiplern Theprak
5037,Asok Pethouse - Adoptable Cat Café 
1157,Assembly Point Thonglor @ One One Hotel Bkk
6443,Astro Ekkamai
5067,At Double Two @22 At SC Park Hotel
5023,At-Ta-Rote
4744,Atara Sky Bar & Bistro at Oakwood Hotel & Residence Sri Racha (Chonburi)
3293,Atelier Restaurant at Hilton Bangkok Grande Asoke
6895,Atmos On Top Silom
2749,Atrium Restaurant The Landmark Bangkok Hotel
168,Attico Cucina Italiana Radisson Blu Plaza Bangkok
4113,Auanna Mala Hotpot Thanon Banthat Thong
426,Audrey Cafe Central Ladprao
425,Audrey Cafe EmQuartier
423,Audrey Cafe Siam Center
33,Audrey Cafe Thonglor Soi 11
4200,Audrey Restaurant - A Chatrium Collection (Khao Yai)
6129,Aufu Bar
6118,Aunidin
3688,Avalon Cafe & Restaurant (Phitsanulok)
3070,Avani Sukhumvit Bangkok Staycation
3877,Away Bangkok Riverside Kene Staycation
3646,Axis & Spin Sky Lounge & Bar Rooftop at The Continent Boutique Hotel
6192,Ayutthaya Retreat (Ayutthaya)
6335,B.Burnt Bistro Central Si Racha (Chon Buri)
5747,"BANG at The StandardX, Bangkok Phra Arthit"
4842,BAY beach bar & cafe
5099,BBQ38 Ribbs & Cold Cuts
4049,BEACHSIDE BAR  บีชไซด์ บาร์ @ MASON
3270,BNP Cuisine
6193,BUCKS CAFE
4766,Baan Borneo Club by 137 Pillars
2982,Baan Daeng by Methavalai Sorndaeng
4778,Baan Dalaa by Angkana
4660,Baan Farangkoo (Ayutthaya)
5749,Baan Glom Gig 
5919,Baan Itsara (Huahin)
4840,Baan Khanitha Thai Cuisine Sukhumvit 23
1723,Baan Khanitha The Heritage ICONSIAM
1722,Baan Khanitha and Gallery Sathorn
1220,Baan Lae Gaysorn 
5841,Baan Mai Sai 3
6272,Baan Medsine
6903,Baan Mhee Rim Nam (Samut Sakhon)
6350,Baan Moo Hun
5039,Baan Nhuer Nham
6678,Baan Nuea Yaang
6639,Baan Pee Lek
4546,Baan Sood Soi
6292,Baan Suan Rim Khlong Maha Sawat
5977,Baan Suriyasai @ One Bangkok
5979,Baan Suriyasai @ Surawongse
5042,Baanrabiangbueng
6447,Baantye
1890,Baba Beach Club Natai at Sri Panwa (Phang-nga)
2845,Baba Beach Restaurant at Baba Beach Club (Hua Hin)
3829,Baba Hot Box at Sri Panwa (Phuket)
2870,Baba IKI at Sri Panwa (Phuket)
2110,Baba Poolclub at Sri Panwa (Phuket)
3091,Baba Soul Food Baba Beach Club (Hua Hin) 
2856,Babble and Grill at Riva Surya Bangkok
4635,Babette's The Steakhouse Bangkok
5452,Badasga Beach Club (Chonburi)
6433,Bai Som farm&cafe
565,Bai Yun Banyan Tree Bangkok
5647,Baia Rooftop Dining Lounge Bar
4784,Bajika Restaurant and Music 
3121,Bake The Story (Phuket)
5701,Ballad Riverside Rooftop Bar & Restaurant
5213,Banchan since 1959
6784,Bancheria Singapore
2554,Bangkok Balcony  (Indoor Zone) 81st floor at Baiyoke Sky Hotel
6250,Bangkok Chim Chum 
3863,Bangkok Heightz The Continent Hotel Bangkok
3164,Bangkok Sky Buffet (76/78th floor) at Baiyoke Sky Hotel 
2735,Bangkok Trading Post Bistro & Bar by 137 Pillars
6133,Bangkok Wonderland
3117,Bangkok'78 at Sindhorn Midtown Hotel Bangkok
4335,Bangrak Grill at Grande Centre Point Surawong
3055,Banh Bistro @Ramada Plaza Sukhumvit 48
5518,Bann Rommai Mookata 
4534,Banthat Thong Roast Duck
5563,Bantongaek
1733,Banyan Tree Bangkok Staycation
4783,Bar Archive
6901,Bar BQ Resort Bangna 
6904,Bar BQ Resort Pinklao
5343,Bar Cicheti
4839,Bar Yang
5935,Bar.Yard at Kimpton Maa-Lai Bangkok
6083,Barglory Rooftop (Chiang Mai)
3092,Barracuda Rooftop Bar Akara Hotel Bangkok
790,Barsu at Sheraton Grande Sukhumvit
5560,Basil at Sheraton Grande Sukhumvit A Luxury Collection Hotel
5587,Basilico at Conrad Singapore Orchard
5432,Bawarchi Rooftop At Solitaire Bangkok Sukhumvit 11
5356,Bay Beach Resort Jomtien Pattaya Staycation (Pattaya)
3163,Bayan Seaside Terrace at Baan Bayan Beachfront Hotel (Hua Hin)
4126,Beach Bar at Ibis Samui Bophut (Samui)
4163,Beach Kitchen by Avalon Beach Resort Pattaya (Pattaya)
5923,Beach Road Kitchen at JW Marriott Singapore South Beach
2091,Beach Walk Cafe Bangsaen (Chonburi)
5169,Beastie
5285,Beauty in The Pot
2447,Beef Express Bangna
3181,Beef Express Muangthong Nonthaburi
3881,Beef Express The Circle Ratchapruek
2252,Beef Express Yothinpattana 3
6162,Beer Collection
6583,Beer Pradith
5250,Begin Again
5959,Behind Bars
4384,Bella Sera at Sofitel Bangkok Sukhumvit Hotel
1487,Benares Modern Indian Cuisine Bangkok
2169,Benihana Grand Mercure Bangkok Atrium
1905,Benihana JW Marriott (Phuket)
3367,Benihana at Avani Resort (Pattaya)
1582,Benihana at Riverside Plaza
4518,Benjarong Bangkok at Baan Dusit Thani
4103,Benjarong Hotel Bangkok Staycation
4588,Best Beef MinBuri
4583,Best Beef Sukhumvit (On Nut)
4587,Best Beef Sukhumvit 71
6673,Best Western Plus Nexen Staycation (Pattaya)
6184,Big Bite Burger BKK
6606,Big Fish Siam At Siam (Pattaya)
5545,Bigbeef Premium Halal Buffet
3834,Bikuta Sushi & Teppan (Chonburi)
3833,Bikuta Sushi & Teppan Rama 2
4878,Biscay at Best Western Plus Carapace Hotel (Hua Hin)
2190,Biscotti Anantara Siam Bangkok Hotel
5809,Bistro M - Marriott Sukhumvit 101
5802,Bistro M - Marriott Sukhumvit 50
875,"Bistro M at Marriott Executive Apartments Sukhumvit Park, Bangkok"
3643,Bistro Montmartre at Ascott Sathorn Bangkok
3571,Bistro Palette
3324,Bite Restaurant & Gallery (Phuket)
3723,Bittersweet Mövenpick BDMS Wellness Resort
5819,Black Cherry 
5278,Blackheath Bistro
6576,Blackyard Roast & Brew
4531,Bloom Café & Garden Lounge at Floral Court Hotel
6206,Blue Elephant Sathorn
6207,Blue Elephant Sukhumvit
4382,Blue Parrot Bangkok
1159,Blue Sky Rooftop Bar Centara Grand at Central Plaza Ladprao
2959,BlueSpice Grande Centre Point Sukhumvit 55
6488,Blueraybar Rooftop 
6244,Boat Seafood (Phuket)
4148,Bodegas Wine
5840,Bodhi Terrace at Anantara Chiang Mai Resort
5429,Bombay 2 Beirut
4574,Bond Street Bar Café
5738,Bone Apple Tea Bistro 
5092,Bonus shabu
4554,Boon Tong Kee Central Chanthaburi (Chanthaburi)
1063,Boon Tong Kee Central Eastville
680,Boon Tong Kee Central Pinklao
6230,Boon Tong Kee Central Rama 2 
3817,Boon Tong Kee Central Rayong (Rayong)
3241,Boon Tong Kee Central Westgate
3085,Boon Tong Kee Future Park Rangsit
3243,Boon Tong Kee Muang Thong Thani (PTT Active Park)
5967,Boon Tong Kee PTT Borommaratchachonnani 97
4654,Boon Tong Kee PTT Vibhavadi 62
4560,Boon Tong Kee Robinson Ratchaphruek
668,Boon Tong Kee Seacon Square
753,Boon Tong Kee Sukhumvit 49
3561,Boon Tong Kee Terminal 21 Rama 3
5968,Boon Tong Kee The Crystal Park
4499,Boon Tong Kee The Mall Bangkapi
6229,Boon Tong Kee The Mall Lifestore Bangkae
923,Boon Tong Kee The Up Rama 3
3839,Booster The Idle Hotel & Residence 
3756,Booster's Bar
4142,Botanic Backyard Bar & Restaurant
6197,Bottega del Gusto
5833,Bottle Rockets
5348,Bounce Burger
5003,Box Office Bar & Café at Prince Theatre Heritage Stay
901,Brasserie 9
4625,"Breeze Restaurant, Tower Club at Lebua"
4150,Brew Cafe Ekkamai
5363,Brew Moon Craft Beer & Eatery
6879,Brewarian (Craft Beer)
4946,Brewave Kanchanapisek
6258,Brewave Pinklao
5888,Brewave Ratchada
4948,Brewave Sky Club Robinson Lifestyle Ratchapruek
1065,Brewski Rooftop Sports Bar Radisson Blu Plaza Bangkok (Indoor)
5173,Bricks and Barrels (Pattaya)
6892,Brief Beef Steak & Bistro (Rayong)
6249,Bright Side Brunch Bar
3323,Brio
6818,Bro Smoke
5231,Bro's Grill & Beer
598,Broccoli Revolution Sukhumvit 49
6763,Brown Burgundy
5395,Bu Lan Dun Mek
6644,Bua Terrace (Rayong)
5208,Bubble in the Forest Cafe
6328,Bueng Phraya
6731,Buenos Mexican Restaurant (Pattaya)
6371,"Buffet of Indian, Mediterranean, and Thai Cuisine on the 75th floor of Baiyoke Sky Hotel"
5882,Bukla Kumpaeng
4684,Bulwark Ratchapruek
6612,Bunma Kaiyang
2817,Buonissimo Italian Restaurant & Pizzeria
6194,Burbrit Craft Beer Phra Khanong
6195,Burbrit Craft Beer Sukhumvit 22
4178,Butcher Factory by Bangkok Butcher
4568,Butter Cafe & Ristorante Bangna
3570,Butter Steak Bistro
3851,By The Pool Restaurant & Pool Bar
6006,"CALI, Ascott Raffles Place "
6005,"CALI, Novotel Singapore on Kitchener "
5431,CHANAN Japanese Cuisine (Samut Sakhon)
2032,CHAR Restaurant at Hotel Indigo Bangkok (25th Floor)
1734,CHAR Rooftop Bar at Indigo Hotel Bangkok
4124,CHIN Yakiniku The Paseo Mall Lat Krabang
5181,CHOB Craft Beef & Beer 
5530,CIBO Bangkok 
6325,CLAWS & CO - Anantara Mai Khao Phuket Villas (Phuket)
6081,COAL Bake&Grill  
3026,COAL Bistro
2911,COCOA XO Bar at Red Sky 57th Floor
4617,COMMU Rooftop Cafe
4671,CQK MALA Hotpot Ekkamai-Thonglor
4154,CQK MALA Hotpot Samyan - Banthatthong
4155,CQK MALA Hotpot Seacon Square Srinagarindra
4156,CQK MALA Hotpot The Crystal Ekkamai-Ram Inthra
4157,CQK MALA Hotpot Thiam Ruam Mit-Huai Khwang
5601,CROW Craft & Cuisine 
4836,CUTTS Sathorn Omakase
5978,CUTTS Thonglor Omakase
5414,Caesa Delicious 
6212,Caesa Delicious Bang Bon 3
6766,Cafe Chef WAN IOI City Mall Putrajaya
6764,Cafe Chef WAN KL East Mall
6767,Cafe Chef WAN Setia City Mall
6768,Cafe Chef WAN TTDI
2872,Cafe Chilli Iconsiam
5358,Cafe Chilli One Bangkok
4517,Cafe Chilli QSNCC
997,Cafe Claire by Oriental Residence
6866,Cafe OSG - Zichar Tea Room + Wine Bar
6708,Cafe de Jasmine at Jasmine 59 Hotel (Thong Lor)
4333,Cafe de Salil La Petite Salil Sukhumvit Thonglor 1 
2907,Cafe22 by Courtyard by Marriott North Pattaya (Pattaya)
5005,CafeSlash 
2145,Cairo Bangkok
1448,Caishen Cafe (Kasetnawamin)
4687,Calm Kraam
3976,Calypso Cabaret
4294,Camin Cuisine & Cafe Ari
4291,Camin Cuisine & Cafe Central Rama 9
4290,Camin Cuisine & Cafe CentralWorld
4293,Camin Cuisine & Cafe Seacon Square Srinagarindra
4884,Canale House
763,Cantina Wine Bar & Italian Kitchen
6225,Canton Disco
4777,Caper by Dan Bark
4886,Carbonaro Pasta & Pizza
4564,Carmina Restaurant & Bar Sukhumvit Soi 20
5682,Casa Lapin Ratchathewi
5398,Casa Lapin Silom 13
5397,Casa Lapin Sukhumvit 20
4738,Casa Pasta
4485,Casa do Salil
6218,"Castaway Restaurant, Café & Pool Bar (Pattaya)"
6964,Caveman Barbeque (Rayong)
6530,Caviar Café by Nai Lert
3988,Celadon The Sukhothai Bangkok 
4688,Centara Ayutthaya Staycation (Ayutthaya)
5550,Centara Korat Staycation (Nakhon Ratchasima)
5815,Central Siam Cuisine
6320,Centre Point Hotel Sukhumvit 10 Staycation
6216,Cha La Restaurant and Bar (Khao Yai)
6581,Chaai-Samai 2498 Bangkok
5957,Chaan G
6856,Chaebol Shabu
4577,Chaiiyo Eatery Coworking space Bar (Hua Hin)
6049,Chakrabongse Villas
6096,Chanderkhlong Restaurant ​​& Cafe
1639,Chao Leh Kitchen @ Four Points by Sheraton Phuket Patong Beach Resort (Phuket)
4633,Chao Nua Thong
4691,Chao Phraya Pearl
6437,Chao Xiang Restaurant
3914,Chaophraya Cruise
3202,Chaosua's Restaurant
6094,Charcoal Tandoor Grill & Mixology
4838,Charlie's by Tongpeng
3528,Charm Cuisine at Oakwood Suites Tiwanon
4996,Charoen Ros Buffet (Chiang Mai)
4801,Charoen Rung Rueang International Buffet Rama 2 
5295,Charoen Rung Rueang International Buffet True Digital 101
5086,Charoenkrung Bar & Bistro 
1961,Chatrium Hotel Riverside Bangkok Staycation
1937,Chatrium Residence Sathon Bangkok Staycation
3649,Chatuchak Cafe Centara Grand at Central Plaza Ladprao
2593,Chay Had Restaurant at Hilton Resort & Spa (Hua Hin)
6124,Che'rie Cafe
3313,Cheat Day by Modish The PARQ Rama 4
5946,Cheeky Signature’s (Bee Hoon) 
3883,Chef Station Omakase
3993,Chef Thanom Att U Park Bangna
3991,Chef Thanom Central Westgate
3201,Chef Thanom Seacon Square Srinagarindra
3994,Chef Thanom The Nine Center Tiwanon
3990,Chef Thanom The Street Ratchada
5984,Chef Yis
5818,Chef's Tavern
3631,Chez Papa Bangkok
5316,Chiang Nua E-Saan And Grill
6594,Chiangkham Restaurant (Chiang Mai)
4277,Chibing Chicken and Bingsu Onnut 7
4278,Chibing Chicken and Bingsu Pattaya Beach (Pattaya)
4281,Chibing Chicken and Bingsu Ratchada 
4647,Chim By Siam Wisdom 
6205,Chim Cafe & Restaurant
6332,Chim Chim
5408,Chim-Yum Bangna
4981,Chimu sushi 
4915,Chin Chin
6695,China Palace Restaurant (Chong Nonsi)
984,China Palace at Prince Palace Hotel Bangkok
3886,China Rose at Maruay Garden Hotel
3569,China Table Radisson Blu Plaza Bangkok
5846,Chinda Hotpot Lad Phrao 122
5847,Chinda Hotpot Ngamwongwan
5843,Chinda Hotpot Nuanchan
5848,Chinda Hotpot Porto Chino
6923,Chinda Hotpot Rajamangala Khlong 6
6922,Chinda Hotpot Rangsit Khlong 3
5849,Chinda Hotpot Saphan Mai
5844,Chinda Hotpot The Walk Ratchaphruek
6561,Chinda Hotpot Udomsuk 58
4659,Chisana Nami at Erawan Bangkok
4035,Chokchai SteakHouse (Rangsit)
4486,ChomSindh at Amari Bangkok
4763,Chon Som at Courtyard by Marriott Suvarnabhumi Airport 
3283,Chopkeeper Butcher & Tap Bangna
3282,Chopkeeper Butcher & Tap Pattanakarn
3200,Chow Barn Restaurant The Peri Hotel (Khao Yai)
2921,Chow Mong Local Kitchen at The Peri Hotel (Hua Hin)
1296,Chowpati Indian Street Food Bangkok
4685,Chu Grill Shabu
4525,Chuan Boy Malatang & Malaxiangguo MBK Center
1771,Chuan Kitchen CentralWorld
3517,Chunloy Cuisine & Bar
6634,Chy Bar Rooftop at Away Bangkok Riverside Kene
3673,CiTi BiSTRo Pathumwan Princess Hotel
3934,Cielo Sky Bar & Restaurant Rooftop
5220,Clique & Cloud 
4168,Cloud kafe  
3538,Clover Sky Bar & Restaurant at Hotel Clover Asok
6262,Club Rangoon
6737,Club TGA
6698,CoCo Chaophraya
3346,Coach House Cafe
4666,Coast Beach Club & Bistro at Centara Grand Beach Resort & Villas (Hua Hin)
4143,Coco Lima BKK
3125,Cocobee Chimaek Lasalle
5203,Coding Steak & Restaurant
4768,Coffee & Crumble Eatery at Maitria Residence Rama 9 Bangkok
6222,Coffee House | Ayutthaya
4270,Coffee@Sea Springfield at Sea Resort & Spa (Hua Hin)
5200,Cold Spring Cafe
3989,Colonnade The Sukhothai Bangkok
5412,"Colony At The Ritz-Carlton, Millenia Singapore"
5347,Com Nieu An La Ghien
4216,Com’on bar
4522,Cook Chom Chuan Chim
5855,Copacabana Rooftop diner (Chiang Mai)
5046,Copper Aquarium
6098,Copper Chimney -  Syed Alwi Road Singapore
6706,Copper Chimney - Mandai Wildlife West
5826,Coriander Leaf @ Craig
5827,Coriander Leaf @ Singapore Polo Club
6468,Cozy Craft Room
5980,Cozy Space Homey Cafe & Dining
6125,Crab Wang Imperial Dining At Hotel Boss
6200,Craftfiti BKK
945,Crave (Aloft Bangkok - Sukhumvit 11)
2830,Cross Pratamnak Staycation (Pattaya)
2539,Cross Vibe Bangkok Sukhumvit Staycation
5547,Crossroads Buffet at Singapore Marriott Tang Plaza Hotel
5549,Crossroads Cafe at Singapore Marriott Tang Plaza Hotel
3119,Crystal Grill 82nd floor at Baiyoke Sky Hotel
4129,Cuisine Unplugged at Pullman Bangkok King Power
3453,D Varee Jomtien Beach Staycation (Pattaya) 
5336,D'Tapas by El Tapeo
5324,D'tales Eatery
6268,DAKJIB
5832,DE VIVA 
5837,"DID - Dine in the Dark at Sheraton Grande Sukhumvit, a Luxury Collection Hotel , Bangkok"
4893,DIMM 
6199,DOTD BAR
4579,Dailyfish Omakase (Chonburi)
4074,Dakshin Indian Restobar
3559,Dardfaah 
4511,Dark Waters Rooftop Bar & Riverside
6560,De Prime Rangnam
6760,De.Wan 1958 By Chef Wan BSC
6759,De.Wan 1958 By Chef Wan Bangi Resort Hotel
6743,De.Wan 1958 By Chef Wan The Linc
3596,Deja Brew Lifestyle Cafe at Centara Life Hotel Bangkok Phra Nakhon
5116,Dekjammam
5120,Demijoe (Ratchaburi)
4941,De’yong café and restaurant
1923,Dibuka Cafe & Restaurant (Phuket)
3366,Dicey Reilly's at Avani Resort (Pattaya)
6014,Dimsum House Phutthamonthon Sai 4
4791,Din Restaurant & Jazz Bar
6396,Dino Mookrata Rama 3
3339,Divalux Resort and Spa Staycation
3588,Diwan Restaurant at Al Meroz Hotel Bangkok
6867,Do Nua - La Villa Ari
6864,Do Nua The Avenue Ratchayothin
4845,Dok Toh Dim Sum Bon Marché Market Park
4846,Dok Toh Dim Sum Chan Road
4847,Dok Toh Dim Sum Chokchai 4
4848,Dok Toh Dim Sum Yaowarat
5588,Dolcetto at Conrad Singapore Orchard
5346,Dolphin Restaurant at Bay Beach Resort Jomtien (Pattaya)
2049,Don Giovanni Centara Grand at Central Plaza Ladprao Bangkok
5707,Dose Factory (Udon Thani)
6791,Double U Cafe’&Bar
5962,Dough Bros Gaysorn Amarin
5961,Dough Bros Interchange 21
5963,Dough Bros Summer Point
5115,Dragon Boat Rama 9
6009,Dragon view bar and restaurant (Krabi)
5763,Dragster Caffe
6186,Dream Premium Korean BBQ Buffet Ruea-bin - 드림 코리안 비비큐
6187,Dream Premium Korean BBQ Buffet Talat Long Ma Si Er - 드림 코리안 비비큐
6191,Dream Premium Korean Shabu Buffet 드림 샤브샤브
5332,Dulce Casa de Pan
5757,Durian Paradise Buffet at Phenix Pratunam
6251,Durianism Cafe and NiTO Japanese restaurant Ayutthaya
4519,Dusit Gourmet at Baan Dusit Thani
4026,Dusit Gourmet at dusitD2 Samyan Bangkok
2239,Dynasty Centara Grand Central Ladprao
5517,E-Cha Korean Craft Dining Bangsaen (Chonburi)
5516,E-Cha Korean Craft Dining Ratchathewi
4081,EAT at OZO North Pattaya (Pattaya)
5051,EKKA Indian Grill and Bar
6306,EKKAR (Ang Thong)
5879,ESAN Zaap Jueng
4910,Earthy Society
2531,Earw Thai Express Fashion Island
1242,Earw Thai Suki Boran Central Plaza Rama 3
1244,Earw Thai Suki Boran Central Plaza WestGate
1259,Earw Thai Suki Boran K Village
3761,Earw Thai Suki Boran Kaset
1245,Earw Thai Suki Boran Mega Bangna
1246,Earw Thai Suki Boran Seacon Square Srinagarindra
3762,Earw Thai Suki Boran Terminal 21 (Nakhon Ratchasima)
1184,Earw Thai Suki Boran The Crystal SB Ratchapruek
6015,East & West Bangsaen (Chonburi)
5068,East Ocean Chinese Restaurant at SC Park Hotel
4455,Eastern Elixir Social Lounge & Bar at Valia Hotel Bangkok
6547,Eat Drink Love Srinakarin
4054,Eat Drink Love Suvarnabhumi
6493,Eatter A-Han Khon Muang 
6555,Eazy To Eat
6851,Ebisu Shoten Latphrao
5465,Edge at Pan Pacific Hotel Singapore
5892,Ekkaluck @ Madi Paidi Bangkok
6095,El Santo Restaurant and Bar
5339,El Tapeo
4458,Elbasha Turkish & Lebanese Restaurant
5089,Elder and Better 
6277,Eldivino Thai (Phuket) 
6490,Element At Amara Bangkok
6432,Element Restaurant At Amara Singapore Hotel
6472,Elementi Rooftop Restaurant and Bar (Rayong)
4746,"Elements, Inspired by Ciel Bleu at The Okura Prestige Bangkok "
5406,Embassy Room La Marina at Park Hyatt Bangkok
4528,Embers 
6653,En Hachi
6023,Enjoy Eating Cafe
5462,Enjoy Eating House and Bar
6324,Epia Ari
6323,Epia Asiatique
6358,Epia Sukhumvit
5986,Epicurean Fusion Restaurant
6726,ErZab Hotpot Bangna
3319,Era-Izaan Ratchaphruek
4316,Era-Izaan Surawong
4315,Era-Izaan Thonglor
5205,Erzab Chaewhon Ladprao
5360,Erzab Chaewhon Onnut
6223,Esan Kampang Kitchen Chinnakhet
6224,Esan Kampang Kitchen Sri Racha (Chonburi)
4849,Esanlongbok
4750,Escape Bangkok Emquartier
6245,Escape Pool Club At Centara Karon Resort (Phuket)
5689,Est.33 at Crystal Design Center (CDC)
5690,Est.33 at The Nine Center Rama 9
6481,Evan's Kitch - Modern Asian Cafe @ Nicoll Highway
6240,Everbean Pizzeria (Phuket)
5357,Evoke Bistro and Bar 
6758,Evolution Renaissance Kuala Lumpur Hotel
5831,FARMSBUY Cafe
6030,FLNT
4413,FLOW at Millennium Hilton Bangkok
6598,FOC by the Beach
6821,FUKU In Sky 
6643,Fafa Halal Bangkok 
6578,Fafu Grill Shabu Halal
6577,Fafu Mala Halal
5079,Fahprapha At Kalanan Riverside Resort
5799,Fairy Garden BKK
5271,Fak Marum Khubon
5270,Fak Marum Liap Duan Ram Inthra
5268,Fak Marum Pathum Thani
5272,Fak Marum Phutthamonthon Sai 4
5269,Fak Marum Town In Town
1656,Fallabella River Front Iconsiam
6834,Famust.cnx (Chiang Mai)
2823,Fat Belly (Pattaya)
2118,Fat Lamb BKK
6033,Fat Prince
6343,Fatboy Izakaya Ekkamai
6344,Fatboy Izakaya Gaysorn Amarin
4263,Feast At Royal Orchid Sheraton Riverside Hotel Bangkok
5822,Feed the beast 
5041,Fei Fei Mookata Ratchada 3
2188,Fei Ya at Renaissance Bangkok
5850,Fernando's Pizza At Trio
5577,Fi Woodfire Thai ไฟ | Thai Restaurant Orchard | Shaw Centre
5741,Fighto Izakaya
5609,Fighto Yakiniku Highball & Sake Bar
6817,FigureGround Wine Bar
6557,Fine Cuisine Restaurant
6040,Firangi Superstar
3973,Fish Club Andaz Pattaya Jomtien Beach (Pattaya)
4865,Fish Corner Bangrak
5867,Fishermen Seafood
3240,Five Crossing Eatery & Winery
1056,Flamenco Sky Bar Lounge Emquartier
5954,Flann O'Brien's Irish Pub
3941,Flashback Rooftop Bar
1594,Flavors at Renaissance Bangkok
4456,Florae at Valia Hotel Bangkok
4636,Flower Mala Hotpot
5925,Fomo Brunch & Dining (Chonburi)
4110,Food Exchange Restaurant at Novotel Bangkok Sukhumvit 20
4403,Food Exchange Restaurant at Novotel Bangkok Sukhumvit 4
6310,Food Exchange at Novotel Singapore On Stevens
6941,Food Lala Thai Cuisine
5376,Fook Kin 福劲 
4474,Fork & Cork
5345,Forma
4792,Frame Cafe & Restaurant
5400,Frankie's Rooftop 
5163,Friend Station On Nut 44-46
6151,Fu Lin Bar & Kitchen (Clarke Quay)
3875,Fu Marn Lau Restaurant The Twin Towers Hotel
4787,Fueng Fah at Mövenpick Suriwongse Hotel (Chiang Mai)
4386,Fufu Shabu Ari
4389,Fufu Shabu Chaengwatthana
4388,Fufu Shabu Empire Tower
4387,Fufu Shabu G Tower Grand Rama 9
4385,Fufu Shabu Rama 4
5538,Fujiyama Sashimi & Shabu Buffet
5178,Fuku Intown Charoen Nakhon
5176,Fuku Intown Gateway Bang Sue
5174,Fuku Intown Siam Digital Gateway
6362,Fungpls 
6813,GALA Bangkok
6742,GAYA Restaurant & Bar
5912,GINGER FARM kitchen at Central Phuket
5913,GINGER FARM kitchen at One Bangkok
3897,GaGa Udon House Thong Lor
6106,Gallery Kitchen at Hyatt Place Sukhumvit 24
3791,Galley Bar & Restaurant
5130,Garden Salad by Ms.Chu 
5224,Garlic 
5218,Garret Fish & Chips Ari
5219,Garret Fish & Chips Sammakorn
4623,Gekka
4889,Gentle Butcher by Bangkok Butcher
4644,Ginger Farm Kitchen 101 True Digital Park
4643,Ginger Farm Kitchen Central Westville 
5109,Ginger Farm Kitchen Centralworld
4642,Ginger Farm Kitchen Silom Edge
4641,Ginger Farm Kitchen Wooden House
5103,Ginger Farm kitchen Terminal 21 (Pattaya)
4832,GingerBowl Cafe 
5576,Gingerbread House
5729,Ginggai Huai Khwang
5728,Ginggai Ramkhamhaeng 49
5696,Ginpao Phochana
3198,Ginprik
2536,Giorgio's Riverside Royal Orchid Sheraton Hotel
5410,Glai Hwor
5688,Glare Eatery & Bar
6308,Gluttony by The Sin
5702,Gogida
5654,Gogilang
6625,Goji Kitchen Grill & Bar at Pattaya Marriott Resort and Spa (Pattaya)
5177,Golden Bowl at K Village 
5751,Golden Peony At Conrad Singapore Marina Bay
5004,Golden State Vegan
5212,Golden Village Chinese At Hyatt Regency Bangkok Suvarnabhumi Airport
4909,Gongjin
6319,Gongxi Mala 
6384,Goodie Steak @ Bang Phlat
6383,Goodie Steak @ Fai Chai – Phran Nok
6382,Goodie Steak @ Wutthakat
5006,Got to Grill
4922,Gotoku by Shabu King
2820,Grand Mercure Bangkok Atrium Staycation
5524,Gravity 87 Rooftop Lounge At Ramada Bangkok Sukhumvit 87
3005,Great Harbour International Buffet
2770,Great&Grand Sweet Destination (Pattaya)
4834,Green House Bistro 
4770,Greenhouse Congee & Noodles by Landmark
1003,Greenhouse Restaurant Avani Sukhumvit Bangkok
4991,Grilled Station
5562,Grok 1970 
5710,Gui Phan Khwai
5709,Gui Ratchayo 
3377,Guilty Anantara Siam Bangkok
5693,Gusto Bangna
5105,Guzadrift Izakaya
5082,Gyu En Siam Yakiniku
5941,Gyu-Ya Yakiniku Rama 3 
5942,Gyu-Ya Yakiniku The Street Ratchada
5943,Gyu-Ya Yakiniku True Digital Park (West Side)
6248,GyuBei Yakiniku
5073,Gyuder
5061,Gyunobi Yakiniku
3017,HAHAMALA Chinese restaurant
6556,HAJI land
6314,HAN ROLL BKK 
5715,HANJI Taiwanese Hot Pot Sala Daeng
5714,HANJI Taiwanese Hot Pot Thonglor
5546,HEY Mookrata - Charoen Nakhon
4576,HOUSE of TANGO
4985,HUA SENG HONG Central Plaza Chaengwattana
4984,HUA SENG HONG The Mall Lifestore Bangkapi
5030,HUI Suki Block 28
5029,HUI Suki Ratchaphruek
3473,Habitat Hotel Staycation (Hua Hin)
5561,Hachi Hachi Omakase
3674,Hagi Centara Grand at Central Plaza Ladprao Bangkok
4667,Hagi at Centara Grand Beach Resort & Villas (Hua Hin)
4823,Hagow Yaowarat
5457,Hai Tien Lo at Pan Pacific Hotel Singapore
3709,Hainanese Chicken Rice C.P Tower Silom
2243,Hajime Robot restaurant
3668,Hanbab Korean Restaurant
4109,Hangetsu Omakase
5607,Hanjip Korean Grill House
3494,Hannari Cafe de Kyoto Thonglor 
3280,Hanyang Korean Restaurant
5421,Hao Chi Kitchen At Cassia Rama 9
6236,Happening Dine and Bar
5329,Happy Tummy Seafood Bar (Pattaya)
5565,Haps - Brunch & More 
4712,Hard Rock Cafe Bangkok
4275,Hard Rock Cafe at Hard Rock Hotel (Pattaya)
6457,Harudot by Nana Coffee Roasters (Chonburi)
4383,Hashiri at The Athenee Hotel
3837,Haute House The Idle Hotel & Residence
4931,Hei Hotpot Chokchai 4
4532,Heights At BKK
3365,Helena Greek Kitchen
6370,Hen Hao Ma La Sai Phan
5883,Heng Heng Lao Suthisan
4042,Hey!Beanstro
979,Hi So Rooftop Bar So/ Bangkok
6155,HiBuddy BBQ 烤肉研究所
6068,Hiateeyai @ Naret
6067,Hiateeyai @ Samyan
6859,Hidden House Cafe & Bistro (Samut Sakhon)
6962,Hide.away Cafe
3767,High River Café (Ratchaburi)
3234,High Tea by Pickaboo
6060,HighHouse
3964,Hiro Omakase The Promenade 
5854,Hiroki Sushi Klong 2
5856,Hiroki Sushi Rangsit
3173,Hishou Hotel Nikko Bangkok
5586,"Hmmmm, Grilled Pork - BTS Bearing"
5612,"Hmmmm, Grilled Pork Udomsuk"
6571,Ho Kitchen Rama 3
5893,Hogar bar
5910,Hokkaido Yakidon 
4432,Holli Bolli Rooftop Bar @ Radisson Suites Bangkok Sukhumvit
5191,Hom Cham
6232,Hom Duan
5606,Home Dawn Cafe 
5648,Home Dusk: Live House
4736,Homeals Cafe&Bistro
5800,Homie Bar & Restaurant
1801,Hong Kong Fisherman
1878,Hong Teh Chinese Restaurant
6609,Hongfu 鸿福 
741,Hongmin Big C Ladprao
694,Hongmin Central Bangna
744,Hongmin Central Pinklao
743,Hongmin Fashion Island
742,Hongmin Future Park Rangsit
740,Hongmin MBK Center
745,Hongmin Mega Bangna
746,Hongmin The Paseo Kanchanaphisek
6158,Honomi Shabu & Omakase
6592,Hooligan by Apache
6729,Horizon Grill At Banyan Tree Kuala Lumpur
5939,Hotaru 119 Omakase & Izakaya - Sanampao
5940,Hotaru 119 Omakase - Rama 9
3622,Hotel Clover Asok Staycation
3972,Hotel Once Bangkok (Staycation)
4411,Hou Yuu QSNCC
5402,House of Chandra Central Nakhon Pathom
5401,House of Chandra Nakhon Pathom
4726,House of Kin Centara Ayutthaya (Ayutthaya)
3913,House of Kin KORAT Centara Korat (Nakhon Ratchasima)
4704,Hoy Mahachon
4337,Hua Restaurant Grande Centre Point Surawong
4695,Huajai Siam Square One
5624,Huaron Mookrata 
4080,Hub Namthong at Benjarong Hotel Bangkok
6693,Hug Samui 
3827,Hummus Boutique
4929,Hump zaabb
5719,Hunger Bear (Nakhon Sawan)
6651,Hungry Brown Eat and Coffee Roasters
3381,Huolong Chinese Mala HotPot & Grill
3904,Hyde & Seek Athenee Tower
5525,Hyde & Seek One Bangkok
3903,Hyde & Seek Silom Edge
4565,IDYLL Bistro Rama 3
5895,IKKI IZAKAYA
5964,IMM Restaurant 
5956,IMPACT Lakefront
5425,ISEA Sky & The Jetty At Veranda Resort Na Jomtien (Pattaya)
6470,IX Steak House
3809,Ibaki House of Japanese Food and Sushi (Chiang Mai)
5233,Ichi-Meshi Rangsit
5232,Ichi-Meshi Salaya
4381,Ichika Omakase
4266,Ideal Vesta 
6293,Im Pla Phao Prannok
4248,Im-Erb Rama2
5152,Imbue (Michelin Guide)
3296,In The House Ari 5
5342,Indigo Bar at Bay Beach Resort Jomtien (Pattaya)
6013,Indigo Rooftop Bar (Pattaya)
4578,Indus Bangkok Indian Restaurant Michelin Guide
5195,Indy Rest Home Canal
3623,Int.Chon Ladprao 101
6822,Irasshaimase Izakaya
5113,Iron Pan Suanplern Market
6663,Irvin Brew & Beat
5439,Isaa Isan
4261,Isea Beach Bar at Veranda Resort & Villas (Hua Hin)
5277,Itaewon class (Khaoyai)
6662,Izakaya Goichi 51
4399,Izakaya Naihua
4622,Izakaya Reiwa
4590,Izakaya Taro Nak Niwat 7
5975,Izumidai The Alley Ram Inthra
5291,JAG (One Michelin Star 2023)
3302,JAM JAM Eatery & Bar at ASAI Hotels
5842,JAO Ping River Cruise at Anantara Chiang Mai Resort
3625,JA’S Home Cooking
5378,JC Stars Cafe 
4496,JHOL Coastal Indian Cuisine 
4916,JP French
6838,JPteres at Grand Hyatt Kuala Lumpur
5290,JUBANG Premium Aged BBQ Bangkhunnon
5289,JUBANG Premium Aged BBQ Bangna
1747,JUMBO Seafood Iconsiam
2102,JUMBO Seafood Siam Paragon
2925,JW Café at JW Marriott Hotel Bangkok
6846,Jaan Joor (Chiang Mai)
6582,Jackson
6149,Jacob Barn
6139,Jade At The Fullerton Hotel Singapore
4826,Jade Garden Central Rama 3
4825,Jade Garden Pinklao
5276,Jae Keang Banthat Thong
5074,Jaekoy Isaan Seafood Kingpetch Phetchaburi 10
5204,Jakkrawad Chill Restrobar 
3888,James Boulangerie Iconsiam
6108,Jao By KRUA JIANG MAI 
6604,Jao Samut Seafood Buffet (Pattaya) 
4104,Japanish Rooftop Bar & Modern Kitchen
4748,Jarn Nee Plaum Pasta & Bistro 
6119,Jaspe At Wyndham Singapore Hotel
6707,Jass Bar & Bistro at Jasmine City Hotel (Asoke) 
6704,Jass Bar & Bistro at Jasmine Grande Residence (Rama IV)
4696,Jass Bar & Bistro at Jasmine Resort Hotel
1075,Jaw Nuea Chokchai 4
4850,Je Khai Seafood
5520,Jeawhonphrayalae
4106,Jeju Korean Fine Dining & Omakase
6825,Jenn's - PARC Bangna
4652,Jharokha by Indus
4917,JiaoFang MALA
5716,Jiateajiabueng (Chai Nat)
4930,Jibcharoen Bar & Bistro 酒狂
4195,"Jim Thompson, A Thai Restaurant"
4803,Jimmy BBQ & Grill Grand Palazzo Hotel (Pattaya)
5621,Jim​ Sa​ Jui​ Station (Ayutthaya)
5443,Jindarin Cafe (Nakhon Ratchasima)
5911,Jinlong Mala Hot Pot
5446,Jinshin Omakase
3369,Jirakaan Restaurant
5998,Jiro Restaurant
6373,Jiu Bak Kut Teh Dim Sum
5294,Jobteeyum Central Embassy
5283,Jobteeyum Daenneramit
5282,Jobteeyum Ladprao
5274,Jojo Soba
5275,Jok Jab Sen Banthat Thong 
4945,Jong Charoen Seafood
4201,Journey Café - A Chatrium Collection (Khao Yai)
6894,JuadJaad Ratchaphruek
5450,Jud Jaritz Eatery
3874,Jumbo Lobster Riverside Bangkok
4397,Junichi Japanese Restaurant 
4866,KAWA Izakaya On Nut
4434,KBBQ Lad Phrao
4558,KBBQ Nawamin
4433,KBBQ Rangsit
1039,KBBQ Sukhumvit 
2645,KBBQ The Street Ratchada
4470,KHAAN Bangkok
4300,KHAO PIYO Bangkok - Indian Multi Cuisines 
5600,KIN Steak
5661,KO-YA Yakiniku
6805,KORATA Siam Square 
4048,KROK-A-CAFÉ ESPRESSO BAR ครก อะ คาเฟ เอสเปรสโซ บาร์ @ MASON
6900,KYND Kulture
6018,Kaarla Wood-Fire Grill & Bar
5564,Kaen 
5263,Kaenkrung
6401,Kagonoya Central Rama 3
6400,Kagonoya Central Rama 9
6399,Kagonoya Central World
6405,Kagonoya K Village
6404,Kagonoya Mega Bangna
6402,Kagonoya Mercury Ville 
6403,Kagonoya Siam Discovery
5112,Kai Loo Lom
5703,Kai Maeng-da Ta-lay Phao
3253,Kai Yang Boran 
3010,Kai Yang Samanong Phattanakan 53
5107,Kaikatok Wutthakat
4913,Kaito Sushi
5989,Kaiwa
5075,Kalanan Riverside Resort Staycation
4067,Kam's Roast Central Eastville
5251,Kam's Roast Central World
5252,Kam's Roast ICONSIAM
4066,Kam's Roast Mega Bangna
5613,Kan Sushi Omakase & Sake bar (Robertson Quay)
5610,Kan Sushi | Izakaya & Sake Bar (Tanjong Pagar)
5090,Kang Ban Phe (Rayong)
5437,Kanomjeenyoksod
3891,Kanpai Omakase
5758,Kapi (Surat Thani)
5608,Kapitan Bar & Restaurant 
3276,Kappou Nihon Ratchapruek
6144,Karawa Omakase
2864,Karayama Cosmo Bazaar 
4180,Karayama Fashion Island
4021,Karayama Future Park Rangsit
2866,Karayama Samyan Mitrtown
2861,Karayama Siam Square One
3378,Karayama Terminal 21 Rama 3
2757,Karkinos Beach Club by Apsara Beachfront Resort and Villa (Phang-nga)
4957,Kato Omakase 
3256,Katsuya Central Rama 2
3797,Katsuya Central Westgate
3796,Katsuya CentralWorld
3264,Katsuya Cosmo Bazaar 
3259,Katsuya Fashion Island
3262,Katsuya Fortune Town
3255,Katsuya Future Park Rangsit
3258,Katsuya Gateway Ekamai
3263,Katsuya Imperial World Samrong
3261,Katsuya Mega Bangna
3254,Katsuya Siam Square One
3257,Katsuya Union Mall
6832,Kazama Yakiniku CentralWorld
4711,Kem-Kon (Pahurat)
1900,Kenny Rogers Roasters (Phuket)
5473,Kenny’s BKK Sukhumvit 31
3545,Kensington English Garden Resort Staycation (Khao Yai)
5459,Keyaki at Pan Pacific Hotel Singapore
5190,Khaba Shabu Suki & Dim Sum Buffet Asoke Montri
6025,Khanom Jeen Phuket Baan A-Ma
2381,Khao Ekkamai 
4311,Khao Jaan-Prod CentralWorld
2382,Khao Wireless Road
5949,Khao Yai Art Tree
2999,Khaodongmoodaeng Siriraj Wang Lang 
6247,Khrua Baan Suan
5725,Khun Noo Shabu Mookata
6623,Khun Rose Cuisine (Pattaya)
5426,Khun Toom Kitchen Saimai Avenue
5793,Kichi Omakase 
3184,Kiew Kai Ka Nak Niwat (Bangkok)
3176,Kiew Kai Ka Nak Niwat (Cafe Zone)
5865,Killing Time Wagyu and Japanese glass
6572,Kin A Rai Dee Cafe and Restaurant
2707,Kin Chan Si Grilled FISH & ISAAN Thai Food
6985,Kin Yang Chow Lay
3029,Kindee Bistro (Phuket)
5553,Kindee Cafe 
2780,King Seafood (Pattaya)
1384,Kingkong Yakiniku Buffet  United Center Silom
4330,Kingkong Yakiniku Buffet Att U Park Bangna
3609,Kingkong Yakiniku Buffet Central Chaengwattana
4329,Kingkong Yakiniku Buffet Ease Park
1382,Kingkong Yakiniku Buffet Ekamai
3604,Kingkong Yakiniku Buffet Rama 9
4328,Kingkong Yakiniku Buffet The Mercury Ville Chidlom
3606,Kingkong Yakiniku Buffet The Sense Pinklao
4326,Kingkong Yakiniku Buffet Town in Town
4327,Kingkong Yakiniku Buffet Vue Lifestyle Mall
5969,Kingpai Baikaew
4831,Kingston Lounge at Aira Hotel Bangkok
6045,Kinlum Kamwhan
6152,Kinnaree Restaurant Sukhumvit 8
6385,Kinsaru 
5644,Kintamani at Furama Riverfront Hotel
5234,Kintub Thai Mookata
6214,Kisekhi Craft and Fusion Buffet
911,Kisso at The Westin Grande Sukhumvit
5764,Kissuisen At Bangkok Marriott Hotel The Surawongse
6616,Kitchen Yu Pin
4924,Kizuna Shabu & Hand Roll
3967,Kliff Beach Club (Pattaya)
6614,Klindin Cafe & Restaurant
3492,Knock Knock Cafe & Bar
5117,KoTo-Ya
5945,Kohaku Omakase
3166,Koko Japanese Omakase 
6837,Kokoro Omakase & Hand Roll Bar - Central Eastville
6836,Kokoro Omakase & Hand Roll Bar - Megabangna
3637,KongJu Grill & Shabu Lotus's Rangsit Klong 4
2072,Kongju Restaurant at Pathumwan Princess Hotel
5463,Konlamoh
5011,Koong Tung Seafood At Banthat Thong Road
5009,Koong Tung Seafood At Ram Intra Expressway Market 
5010,Koong Tung Seafood At Srinakarin Train Market (Entrance Zone)
5012,Koong Tung Seafood At Srinakarin Train Market (Main Square)
5592,Kopella (Phuket)
6792,Korat BaanAng Khaoyai
5650,Korat Thai Cafe
4227,Korea House Gold - The Fourth 
3667,Koriko Yakiniku
1864,Kouen Premium Buffet AIA Capital Center
4209,Kouen Premium Buffet City Link Korat (Nakhon Ratchasima)
1867,Kouen Premium Buffet Empire Tower Sathorn
4205,Kouen Premium Buffet Future Park Rangsit
4207,Kouen Premium Buffet Index Ladkrabang
4204,Kouen Premium Buffet Index Living Mall Bangna
4206,Kouen Premium Buffet Lotus North Ratchapruek
1866,Kouen Premium Buffet Mega Bangna
1168,Kouen Premium Buffet Sena Fest
1868,Kouen Premium Buffet Siam Square One (Branch 1)
4203,Kouen Premium Buffet Siam Square One (Branch 2)
1170,Kouen Premium Buffet The Bright Rama 2
1865,Kouen Premium Buffet The Sense Pinklao
1171,Kouen Premium Buffet The Walk Kaset Nawamin
4208,Kouen Premium Buffet Vanit Village Aree
6388,Kozen Sushi Bar & Restaurant
5453,Kraft Cafe At Mowa Bangkok
4102,Kraft Kafe
6776,Krua Ban Pa Boon 3 (Sriracha)
6777,Krua Ban Pa Boon 4 (Chonburi)
6778,Krua Ban Pa Boon 5 (Pattaya)
6780,Krua Ban Pa Boon 6 (Rayong)
6781,Krua Ban Pa Boon 7 (Bangsaen)
5662,Krua Khun Ein Rama 3
5663,Krua Khun Ein Rama 9
5824,Krua Khun Ein Ratchada 32
6393,Krua Klang Bueng – Yo Yak Khiew Yai Mookrata
5926,Krua Kratare
6374,Krua Kung Waan
6833,Krua Muang Ve Lao Yuan at Robinson Lifestyle Srisamarn
955,Krua Nai Noi Seafood
5966,Krua Pa Ya
5742,Krua Phra Khanong
6935,Krua Piam Ros
6715,Krua Prik Nam Pla 
5952,Krua Rim Wang (Samut Sakhon)
5403,Krua Ros Saeb (Nakhon Pathom)
6287,Krua Suan View Pla Mae Num
2599,Krua Talad Yai by Courtyard Marriott (Phuket)
5519,Krua-Ka-Min
6843,KruaKunJane Ramintra Km.2
6110,Kruajiangmai Thonglor
3644,Kruakungwan (Chonburi)
1353,Kuang Seafood Ratchada
4882,KubPhuket
5050,Kuma Shabu & Yakiniku 
5118,Kuma no Yakitori 
5541,Kumpoy 
4936,KungFu Dimsum
4900,Kungtakrasedthee Bang Khae
3790,Kunlin Restaurant (Ranong)
4089,Kunshine Hotpot Asok
4088,Kunshine Hotpot Huai Khwang
5207,Kunshine Hotpot Yaowarat
4599,Kushiro Omakase and Japanese Dining
6347,Kwankamon Cafe and Restaurant
4989,Kwann at Nysa Hotel Bangkok
6296,Kyo Roll En - Cafe & Meal Avenue Ratchayothin
6297,Kyo Roll En - Cafe & Meal Central Eastville
6295,Kyo Roll En - Cafe & Meal Central Rama 9
6298,Kyo Roll En - Cafe & Meal Gateway Ekamai 
6294,Kyo Roll En - Cafe & Meal Mega Bangna
6896,Kyo Zen 
2877,Kyoto Uji Saryo Iconsiam
4828,Kyu Hachi Shabu
4863,Kyushu Yatai Kyutarou 
6309,L'Aperitif At Mercure on Stevens 
6064,L'Entrecôte The Steak and Fries Bistro (Customs House)
5988,L'Escargot Bistro
5991,L'Escargot at MONOPOLE
4961,L-Seven Café Sutthisan
6495,LA JimJum Lat Phrao 101 Yeak 38
5060,LAmu:n Grandma Cuisine
2916,LEE Cafe' Central Silom Tower
2919,LEE Cafe' Phloenchit Center
2918,LEE Cafe' Q House Lumpini
5653,LIBI HOME
5523,LUNA 48 Rooftop Bar at Ramada Bangkok Sukhumvit 48
4897,LUZ Bangkok Tapas Bar
5415,La Bisque at Le Bali Resort & Spa (Pattaya)
6137,La Brasserie At The Fullerton Bay Hotel Singapore
3971,La Cucina Andaz Pattaya Jomtien Beach (Pattaya)
5877,La Luna
4715,La Petite Salil Sukhumvit Soi 8 Staycation
4334,La Petite Salil Sukhumvit Thonglor 1 Staycation
3979,La Scala The Sukhothai Bangkok 
1560,La Tavola Renaissance Bangkok
4369,La VIE Bistronomy at VIE Hotel
6814,LaLa Shabu Century Onnut
6620,Laanna Kitchen Restaurant at Meliá Hotel (Chiang Mai)
5296,Lab Ped Rama 4
6575,Laciana By The Sea
4199,Lacol Khaoyai - A Chatrium Collection (Khao Yai)
4202,Lacol Khaoyai - A Chatrium Collection Staycation (Khao Yai)
5260,Lady Butcher
6652,Lady L Garden Bistro
5144,Laekmailaek Chula 6
3349,Laem Charoen Central Ayutthaya (Ayutthaya)
2583,Laem Charoen Central Bangna
2574,Laem Charoen Central Chaengwattana
2582,Laem Charoen Central Chiang Mai Airport
4250,Laem Charoen Central Chiang Rai
2585,Laem Charoen Central Eastville
2589,Laem Charoen Central Festival Chiang Mai
2563,Laem Charoen Central KhonKaen
2592,Laem Charoen Central Ladprao
4492,Laem Charoen Central Nakhon Pathom
2587,Laem Charoen Central Pinklao
2590,Laem Charoen Central Plaza Udon Thani
2581,Laem Charoen Central Rama 2
2577,Laem Charoen Central Rama 3
2576,Laem Charoen Central Rama 9
3347,Laem Charoen Central Salaya
4491,Laem Charoen Central Ubon Ratchathani
2575,Laem Charoen Central Village
2586,Laem Charoen Central Westgate
4198,Laem Charoen Central Westville
2562,Laem Charoen CentralWorld
4196,Laem Charoen Ekkamai
2578,Laem Charoen EmQuartier
2570,Laem Charoen Fashion Island
2580,Laem Charoen Future Park Rangsit
2571,Laem Charoen Mega Bangna
5186,Laem Charoen Nirvana Porch Krungthep Kreetha
2572,Laem Charoen Robinson Lat Krabang
2805,Laem Charoen Seacon Square Srinagarindra
2591,Laem Charoen Silom Complex
4175,Laem Charoen The Mall Bangkae
4173,Laem Charoen The Mall Bangkapi
2573,Laem Charoen The Mall Ngamwongwan
4626,Lahnyai 
4937,Lakorn at Rosewood Bangkok
6938,Lamai Himnam (Chiang Mai)
4284,Lamaya (Khao Yai)
5974,Lamaya Bangkok
6565,Lambullghini Steakhouse & Noodle Bar
5746,Lan Tum Luang Prabang
5543,Lannua Zaab In The Garden
5435,Lanrotchat Banthatthong
5456,Laohu Shabu Buffet
1016,Latest Recipe & Tempo Bar mezzanine floor at Le Meridien Hotel
5350,Lau Nuong An La Ghien
4809,Lay Low 
4833,Lay and Lu 
6718,Laychale 
6453,Lazy Lizard - Upper Thomson
701,Le Boeuf
3950,Le Khwam Luck Cafe Bar and Restaurant
1990,Le Mecier Bangkok
5839,"Le Petit Chef at Sheraton Grande Sukhumvit, a Luxury Collection Hotel , Bangkok"
4686,Le Salon Café Bangkok
5417,Le' Bali Resort And Spa Staycation (Pattaya)
5215,LeVeL33 Craft-Brewery Restaurant & Lounge
5901,Learksen Lennam
2915,Lee Kitchen at Lee Place Hotel
5944,Leela Cheva Restaurant (Pattaya)
4489,Leepee Cafe
6705,Legend Roof Bar 
4879,Leng Hong Phran Nok Phutthamonthon Sai 4
4876,Leng Hong Rama 2
5080,Leng Hong Ryuho Rama 2
4877,Leng Hong Sukhumvit 62
5013,Lennon's at Rosewood Bangkok
3640,Lhong Khao 廊 饭 (Phuket)
4999,Lhong Lhao Yingcharoen Square
5287,Lhong Ma Lhao
5054,Lhor Liang Farm
6077,Li Yang Charn At The Avenue
6076,Li Yang Rat Uthit 54
6369,Li Yang Suki Mala Ramkhamhaeng
6031,Li Yang Suki Mala The Mall Bang Kapi
4134,"Lido Restaurant at The Standard, Hua Hin (Hua Hin) "
5261,Lighthouse Cafe & Restaurant
6665,Lilit Café & Eatery
4942,Lily Fu's Asian Bistro
2990,Lim Kwong Meng Restaurant
5921,Lim Tom Luead Moo (Pattaya)
6550,Lim Tom Luead Moo Sriracha (Chonburi)
4767,Lincha Hot Pot 临茶火锅 
6276,Ling Bkk
5505,Lion Suki Mala
5811,Lion's Tale (Trang)
3165,Little Dragon
6128,Little Stove
6672,Little Wood 
6733,Liu Liu Hotpot 六六火锅 Rangsit Khlong 3
3192,Liu Xiang Fong The Promenade 
3191,Liu Xiang Fong Zpell Future Park Rangsit
5458,Living Room at Park Hyatt Bangkok
5838,Living Table Bangkok
6198,Liyang Space
5748,LoLo Bar Grill
3978,Lobby Salons The Sukhothai Bangkok
6103,Lom Choi-Anong (Chonburi)
4939,Long Jim Shabu
4908,Long Lai 
5536,Long Pasta
4786,Long Rao Dim Sum
4068,Longhorn Steakhouse & Grill (Pattaya)
5141,Longpao Dimsum Hong Kong Hua Mak
5794,Longpao Dimsum Hong Kong Market Place Theprak
5143,Longpao Dimsum Hong Kong Nawamin-Si Burapha
5142,Longpao Dimsum Hong Kong Panya Indra
2604,Longtail River Bar and Lounge
3620,Loong Foong at Jubilee Prestige Hotel Ratchadapisek
4153,Loong Mala
1810,Lost And Found Avani+ Riverside Bangkok Hotel
5732,Louie's on fifteen Bamboo & Bourbon
6829,Louk In Louk Jaan
6289,Loulou.bkk
5772,Love Me Cafe and Bar
6713,Lumi Restaurant at AMANOR Hotel Chiang Mai
5876,Luminous at Lumen Bangkok Udomsuk Station
2606,Luna Lanai Restaurant at Sheraton (Hua Hin)
4141,Lyon French Cuisine
2657,M Café M Hotel (Pattaya)
5907,M Thai Restaurant & Bar
3710,M Wine Lounge Mercure Bangkok Makkasan
6790,MAKI Brunch Izakaya
6274,MAO NARA Rooftop Bar
5015,MB All Seafood (Phuket)
3953,MJ Hotpot 
4956,MUGI
4374,Ma La Kor EXII Ngamwongwan
4372,Ma La Kor Fashion Island
4371,Ma La Kor Robinson Lat Krabang
4373,Ma La Kor Seacon Square Srinagarindra
4375,Ma La Kor The Mall Bang Kapi
6273,Ma Maison 
4523,Ma Maison Bangkok
6338,Maan Muang
6661,Macaria Bangkok 
5148,Machew's Roast
6032,Mad Moa Asok
6120,Madam Tam Sa Taek
6444,Madame Musur
4033,Madison Steak Avenue at Anantara Siam Bangkok Hotel 
5085,Madoka Sumibi Izakaya 
6613,Mae Oil Soijuu
4536,Maesriruen The Mall Bangkae
4535,Maesriruen The Mall Bangkapi
5166,Mahasawat Cafe & Restaurant
6621,Mai Restaurant & Bar at Meliá Chiang Mai Hotel (Chiang Mai)
6622,Mai The Sky Bar at Meliá Hotel (Chiang Mai)
6627,Maison Dunand
5537,Maison Mizuki at Sofitel Bangkok Sukhumvit Hotel
5857,Maison de Siri Cafe & Eatery
4771,Maitria Hotel Rama 9 Bangkok Staycation
2650,Maitria Mode Sukhumvit 15 Bangkok Staycation
6461,Makhaen Kitchen – Northern Thai Cuisine
4807,Makin bar & restaurant
4665,Mala X
3725,Malao Malao at The Chiang Mai Riverside Hotel (Chiang Mai)
5735,Mama Diam 妈妈店
3371,Mama Dolores
2556,Mama Pasta Krungthep Kreetha
5331,Mama Yaya
5249,Mamamia (Pattaya)
4955,Mami Rose - The Goodtime Restaurant
6376,Mami's Tamales
5392,Man & Machine Cafe
3414,Man Chan Korean BBQ Buffet Seacon Square Srinagarindra
4669,Man Fu Lou
4350,Man Fu Yuan Kitchen Samyan Mitrtown
5845,Man Fu Yuan One Bangkok
3905,Man Fu Yuan QSNCC
4512,"Man Ho Bistro, Erawan Bangkok"
1192,Man Ho Chinese Restaurant at JW Marriott Hotel
5257,Mana Garden Cafe & Restaurant
5194,Manam Seafood 
5745,Mandarin Roast Duck 
4602,Manee Me More Central Westgate
4603,Manee Me More Esplanade Ratchadaphisek
4740,Manee Me More Fashion Island
4607,Manee Me More Homepro Charan Sanit Wong
4605,Manee Me More Homepro Rama 3
4606,Manee Me More Seacon Square Srinagarindra
5193,Manee's Cafe&Bistro
1584,Manohra Cruises Bangkok
5572,Marayart Thai Cuisine
4683,Mareeji Cafe & Casual Dining
2725,Marie Guimar at Wyndham Bangkok Queen Convention Centre
4995,Mariga At Samala Hotel Bangkok
6102,Marina Seafood House 
5223,Market Cafe At Hyatt Regency Bangkok Suvarnabhumi Airport
2294,Market Cafe Hyatt Regency Bangkok Sukhumvit
3887,Maruay Garden Staycation
4220,Maruumi Omakase & Beach Cafe'
1986,Masaaki Japanese Premium Buffet (Phuket)
6482,Masaru Sushi
6647,Mashita Grill Kanchanaphisek
6648,Mashita Grill Ram Inthra
5471,Masons Craft Bar
5373,Mata Garden
6721,Matane Shabu&Sushi Premium Buffet (Kratumbaen Branch)
5433,Matsuo Izakaya
5861,Mavi Turkish Restaurant & Grill
3803,Mayraya Wine Bar at Villa Deva Resort and Hotel
5245,Meat Sumpan
4634,Medici Playhouse Restaurant & Bar Bangkok
808,Medinii Panorama Restaurant (35th floor) at The Continent Boutique Hotel Bangkok Sukhumvit
4954,Mee-Seoul Korean BBQ Buffet Sugoi Eat
4953,Mee-Seoul Korean BBQ Buffet Victoria Garden
3298,MeeYumCharoen Sathorn 
4920,Meepla Numyapu Cafe
4632,Meisaku Premium Yakiniku
5064,Mekiki no Ginji
6624,Melbourne House BKK
3840,Mellow Thonglor
4289,Melody Bangkok
4526,Memories Cafe & Restaurant By Sara De Cafe
4883,Meng Pu Dong Ari
4971,Meng Pu Dong Klong 2 Lam Luk Ka
5022,Meng Pu Dong Marche Thonglor
3895,Meng Pu Dong Phran Nok Phutthamonthon Sai 4 Road
6138,Meng Pu Dong Pracha Chuen
3911,Meng Pu Dong Serithai 27
3687,Meng Pu Dong Sukhumvit
4653,Meng Pu Dong Talat Phlu
6322,Mercy Republic
5900,Meridian Cruise
6460,Meridian Cruise 2
6489,Merry Vibes Privacy Craft
6351,Merry-Go-Round
4236,Metro Lounge Avani Ratchada Bangkok
2895,Metro Square Siam Paragon
1178,Mexicano Restaurante Autentico
4911,Mia 
6711,Micasa Bar & Restaurant
781,Miche Boulangerie and Coffee Bar
3960,Michelle Gourmet
5227,Midori Sushi Ratchapruek
5552,Mikado at Royal princess Larn Luang hotel
4164,Mimi's Rooftop at dusitD2 Samyan Bangkok
4138,Mimosa Modern Italian Restaurant
6479,Ming Xing Restaurant at Cape Dara Resort (Pattaya)
5106,Mingle Eatery and Poolside (Phuket)
5248,Mingle The Crystal 
6196,Ministry Of Crab
4988,Ministry of Spicy
6882,Miracle First Class Lounge At International Terminal Suvarnabhumi Airport
6886,Miracle Lounge At Domestic Terminal Don Mueang Airport
6884,Miracle Lounge At Domestic Terminal Suvarnabhumi Airport
6885,Miracle Lounge At International Terminal Don Mueang Airport
5476,MissMe Craft Bar 
4769,Mitt Restaurant & Space
4912,Mix Beef Club & Restaurant BKK 
1863,Miyagi Fuji Super 39
4593,Mizuki Omakase
5362,Mizuya Omakase
3880,"MoMo Café at Sathorn Vista, Bangkok - Marriott Executive Apartments"
6709,MoVida BKK 
6150,Moana Cafe
4861,Modan Japanese Restaurant Bangna
3943,Modan Japanese Restaurant Muang Thong
2841,Mode Sathorn Hotel Staycation
643,Mojjo Rooftop Lounge & Bar Skyview Hotel
4495,Molino Bangkok
4556,Moment's Notice Jazz Club (Chiang Mai)
4612,Momono Omakase
5404,Mon 
4575,Monjin Omakase
6536,Monkey King Izakaya
4887,Mono Sei Omakase 
3925,Mont Calzone at Habito Mall
6313,Mookatanaimuang 
1613,Moom Muum Park Terminal 21 Asok
5817,Moon Thai Kitchen 
5091,Mootacup & Thai Food
1806,More Than a Game Cafe
4689,More than Wine Ratchaphruek
3260,Moreganic Restaurant Away Thapae Resort (Chiang Mai)
5915,Morita UNIGORO 
6676,Morning Moon Cafe & Restaurant
6327,Morton's the Steakhouse 
4619,Moru Sushi
6188,Mosby BKK
5259,Mother May I 
4975,Moxy Bar & Restaurant At Moxy Bangkok Ratchaprasong
5303,Mr. Enzo
4843,Mr. Mala Hotpot Chaeng Watthana-Pak Kret 29
4844,Mr. Mala Hotpot Charn Avenue Chaeng Watthana
4046,Mr.Park BBQ Sukhumvit
6966,Mr.Shabu Market Place Rangsit Khlong 1
4581,Mugendai BKK
5737,Mulligans Irish Bar
6464,Mungkorn Seafood x You Hunt We Cook
5368,Mustmeat.bkk Silom
6334,Musuko Shabu&Grill 
1847,Muteki by Mugendai Samyan Mitrtown
6629,My Daddy’s Home
6949,My Vietnam Maejo (Chiang Mai)
4747,Myste
3653,N/A Cafe & Homemade Pasta (Rayong)
3057,N52 Bistro & Bar
5098,NAMA Japanese and Seafood Buffet
5149,NAMA Japanese and Seafood Buffet (Hungry Hub)
1851,NEXT2 Cafe at Shangri-La Hotel Bangkok
5722,NJ Shabu Shabu Pattaya
6057,NOVA
2681,Na Klongwan Vibhavadi 20
5539,Na Krua - Thai Cuisine Ros Mue Mae 
5744,Na-nang restaurant
4580,Na-oh Bangkok Restaurant 
6567,NaRaNe Cafe&Bar
4947,Nabezo Premium
3491,Nai Kaew Kor Moo Yang Cafe​ & Bistro 
6600,Naiades Wine Cafe
5008,Naiwansook Mookata & Café
6259,Namba Shabu Banthat thong
6260,Namba Shabu Saimai
6261,Namba Shabu The Mall Lifestore Tha Phra
5604,Nami Korean Grill House
5409,Nami Sushi (Phuket)
2086,Nami Teppanyaki Steakhouse at JW Marriott Hotel Bangkok
5033,Nammaejip Rama 3
5076,Nammaejip Seacon Square Srinagarindra
5049,Nan Bei At Rosewood Bangkok
4232,Nan Yuan Chinese Restaurant Avani Ratchada Bangkok
6483,Napha Dusit Central Park
4621,Napha Emsphere
5087,Naphatt Craft&Coffee 
6601,Narnia Steak & Seafood (Pattaya)
5266,Nava 6
3566,Nava Restaurant at The Salil Hotel Riverside - Bangkok
6085,Nen (念) Rama 9
6022,Neon Pigeon
1000,Neta Grill Central Rama 2
1803,Neta Grill Central Westgate
2029,Neta Grill Market Village Rangsit
3786,Neta Grill Market Village Suvarnabhumi
915,Neta Grill Seacon Square Srinagarindra
3785,Neta Grill Thonburi Market Place
3168,Neta Omakase
6185,Neua Camp Fire
3479,Nevergiveup (Pattaya)
5468,New Horizon Cruise Terminal 21 Rama 3
6596,Newrich Buffet 
5192,Ngan MooKraTa 
3657,Nhomjeen Cafe
5040,Nhuer Nham Non
5441,Nigiwai Shabu & Sushi Buffet Saimai 
6201,Niku Machi
4508,Nikuro Yakiniku
2733,Nimitr Rooftop by 137 Pillars
6446,Nipa Moohun
5630,Nippon Yokocho 
6799,Niwa Cafe By Rangnok Land
5556,Niyomkom
5873,No more Mondays Café&Bar 
6501,Noah Cruise 
5198,Nomjeen.N.Phuket At Bangkok Hathairat
5199,Nomjeen.N.Phuket At Bangkok Khu Khwa
5265,Nong Khai Pa Su Kalpapruek
5264,Nong Khai Pa Su Ratchaphruek
5062,Noomjad.bkk
3852,North Restaurant
3684,Nourish Mövenpick BDMS Wellness Resort
2802,Novotel Bangkok Bangna Staycation
4986,Novotel Bangkok Future Park Rangsit Staycation
6228,Nowhere BKK
5594,Nozomi at Millenia Walk
5595,Nozomi at The Star Vista
5387,Nuaniyom
5138,Nuasiam Ratchada 36
3662,Nuatair Central Rama 2
3316,Nuatair Central Westgate
5314,Nuatair Exchange Tower
4874,Nuatair Kingkeaw-Bangna
3317,Nuatair Meeting Mall
3315,Nuatair Nong Chok
4872,Nuatair People Park Onnut
4875,Nuatair Samyan Mitrtown
4873,Nuatair Seacon Bangkae
4031,Nuatair The Fourth 
3314,Nuatair The Nine Center Tiwanon
4520,NóMADA Bangkok at Baan Dusit Thani
4773,O Kome No Aji 
5734,O' Leary's Irish Pub Bangkok
6121,O'pazzo
6153,O.BBa Jjajang
5522,O.neul Korean Bar 오늘
3682,OJI Omakase Praditmanutham
2441,OJI Omakase Sathorn
5155,OPEN Bar at DoubleTree by Hilton Bangkok Ploenchit
4405,OPEN at DoubleTree by Hilton Bangkok Ploenchit
6050,OUMI Modern Japanese Kappo Restaurant
5430,OXBO At Millennium Hilton Bangkok
1422,Oaker Steak
2986,Oasis Restaurant at Centara Grand Mirage (Pattaya)
3537,Oasis Rooftop Bar Paradox Bangkok Sukhumvit
3047,Ocean bistro at  Oceanphere Pattaya Villa
2354,Oceanside Beach Club & Restaurant (Hua Hin)
6830,Ogas Thai Cuisine (Samut Sakhon)
5474,Oh Ho Thai BBQ
5302,Oishi Buffet The Mall Bangkapi (New Concept)
2008,Oishi Eaterium Central Korat (Nakhon Ratchasima)
2005,Oishi Eaterium Central Rama 9
4041,Oishi Eaterium Central Westgate
2004,Oishi Eaterium Fashion Island
2002,Oishi Eaterium Future Park Rangsit
2012,Oishi Eaterium Samyan Mitrtown (New Concept)
2003,Oishi Eaterium Seacon Square Srinagarindra
4258,Oishi Grand Mega Bangna
4039,Oishi Grand Siam Paragon
5390,Okina Izakaya 
3217,Okinawa Restaurant Kinjo
6563,Okuna Sushi Jungceylon (Phuket)
5531,Okura Cruise
3626,Omakase Ten
6590,Omar Shariff Authentic Indian Cuisine
6213,Ombra Modern Tavern
3733,Omoide Yakiniku
5853,One Prawn & Co
4228,One Ratchada Avani Ratchada Bangkok
3708,One to taste Homemade Pasta
5055,Onzen kawa Shabu
3926,Oort Cloud Tea Room at Grande Centre Point Space (Pattaya)
5164,Open Bar l Public House Sukhumvit 31 Hotel
5063,Opera Italian Restaurant 
6516,Opium Bar
5286,Oppa Saranghae
5147,Oppa Tteok - 오빠떡
6687,Ora Dining
5680,Oranji Boat Noodle 
6946,Oranjii - Japanese Yakiniku & Shabu Little Walk Ramkhamhaeng
3965,Oranjii - Japanese yakiniku & shabu Saphankwai (Zone 1)
3958,Oranjii - Japanese yakiniku & shabu Saphankwai (Zone 2)
3717,Orbit Restaurant Grande Centre Point Space (Pattaya)
1546,Orca Baker & Butcher Lasalle's Avenue
370,Orchid Cafe at Sheraton Grande Sukhumvit A Luxury Collection Hotel
4395,Oriental Bar by Oriental Residence
3210,Ormthong Silom
4610,Osaka Ohsho Central World
4611,"Osaka Ohsho Thaniya, Silom"
5708,Oscar's At Conrad Singapore Marina Bay
4256,Otter in The Rain (Phuket)
6389,Otto's Steakhouse 
6042,Ouleng Cafe
2146,Oxide Cafe
864,PAUL Bakery Central Embassy 
863,PAUL Bakery CentralWorld
865,PAUL Bakery Mega Bangna
2208,PAUL Bakery The Emporium
6794,PAWAN Restaurant (Hua Hin)
5657,PERB
3024,PESTO - Pasta and Espresso Osteria
6589,PHALA (Thai Esan Gathering)
6657,PING PIMAN Amdaeng by NJOY Prestige Hotel
5464,Pachi Bangkok 
5460,Pacific Emporium at Pan Pacific Hotel Singapore
5228,Pae Shabu & Grill House Ramkhamhaeng 26/1
5229,Pae Shabu & Grill House Ramkhamhaeng Housing
5337,Paella House - Tapas & Wine Bar by El Tapeo
4249,Pagoda Chinese Restaurant at Marriott Marquis
5965,Paiao
1545,Paii at The House on Sathorn
4978,Pak-Pla Kitchen
6828,Pakalolo Hawaii Tiki Bar X Kumtsu
5375,Paksarong
4050,Pal Cafe & Bistro
6936,Palm Terrace Restaurant @Jomtien Palm Beach Hotel & Resort (Pattaya)
6580,Panda Suki Mala Muangthong
6463,Panda Suki Mala Theprak 
6459,Panda Thai Food & Vegetarian
5315,Panna Sourdough Craft Cafe
1622,Panorama Crowne Plaza Bangkok Lumpini Park
4097,PantaRei Restaurant at Novotel Bangkok Sukhumvit 20
6439,Papa Chef
4928,Papa Shrimps
5599,Papassorn Sweet & Bistro  
6329,Paradise Lost Siam@Siam Bangkok
4852,Pasta AMA Ratchathewi
4854,Pasta AMA Sala Daeng
4855,Pasta AMA Siam Center
4944,Pastel Rooftop Bar & Mediterranean Dining 
5568,Pasto by Patta
5201,Path Restaurant 
5202,Patiala Peg Bar & Grill Bangkok
3975,Patong Bay Hill Resort (Phuket)
6316,Payak Jaewhon by Lokan
2688,Peak Shabu Pannarai Hotel
4029,Pebbles Bar and Grill Restaurant at Renaissance Pattaya Resort & Spa (Pattaya)
4627,"Peelekhatyai ""Lat Phrao71"""
4500,Pen Pen Seafood Buffet
5684,PengYou Cuisine & Specialty Bar Ekkamai 
5685,PengYou Cuisine & Specialty Bar Rama 9
5960,Penlaos
5557,Penthouse Bar + Grill Cocktail Bar at Park Hyatt Bangkok (Level 35)  
5559,Penthouse Bar + Grill Rooftop at Park Hyatt Bangkok (level 36)
5555,Penthouse Bar + Grill at Park Hyatt Bangkok (level 34)
6741,Pentos & Basil 
6727,Peter's Pan Kitchen 
6429,Phahon View - Khao Ngu (Ratchaburi)
6302,Phahon View Watcharapol
4507,PhahonView2
6467,Phoenix
5528,Phrikkhua Kapihom HomePro Future Park Rangsit
5529,Phrikkhua Kapihom Robinson Lifestyle Ratchaphruek
5527,Phrikkhua Kapihom The Market Village Rangsit
5526,Phrikkhua Kapihom The Nine Tiwanon
4743,Phrompoon
4952,Phuwiang Kai Yang x Nem Nuang
4370,Piano Bar at VIE Hotel
5455,Picante At Centara Korat (Nakhon Ratchasima)
6569,Picnic Hotel Bangkok
6291,Pika Bar & Restaurant
6075,Pilot Brewery
4475,Pimkaew
5301,PinUp Café (Hua Hin)
2225,Pindoya Korean BBQ (Chonburi)
6160,Ping Buffet
5918,Ping Yang Krub Pom
4797,Ping-Hi-Suk MooKata Gateway Bang Sue
5691,Pink Typhoon Creative Pasta & Steak Ari
6478,Pinnic at Cape Dara Resort (Pattaya)
6445,Pipula! Bangkok
5626,Pizza Maru Korean Pizza & Chicken Central World
5627,Pizza Maru Korean Pizza & Chicken Future Park Rangsit
4274,Pizzeria at Hard Rock Hotel (Pattaya)
3295,Place Bangkok 
3587,Plamong at Holiday Inn (Hua Hin)
5017,Plant Passion BKK
6227,Plearn - Rooftop Restaurant & Bar (Phuket)
2433,Ploen Restaurant
6855,Plooklaewprung
6062,PlukRak Pretty Healthy
4856,PokiHolic Bangna. 
5108,Ponte Cafe by Chef Mine 
2652,Pool Bar by Maitria Mode Sukhumvit 15
4976,Porkitchen
5573,Porsh Dining (Si Racha)
5072,Praca at The Standard Hua Hin
4907,Prakai Fire Suki & Craft
1955,Praram 9 Kaiyang The Jas Ramindra
1904,Praram 9 Kaiyang The Market Bangkok
1903,Praram 9 Kaiyang The Promenade 
4880,"Praya Dining at Praya Palazzo, Bangkok "
1483,Praya Kitchen Bangkok Marriott Hotel The Surawongse
6761,Preda CookHouse - by บ้านสวนปรีดา (Nakhon Pathom)
4093,Prego Amari Pattaya (Pattaya)
4391,Prego Bangkok Amari Bangkok
5951,Prego Kata (Phuket)
6915,Prime 19 (Khao Yai)
873,Prime at Skyview Hotel
982,Prince Cafe at Prince Palace Hotel Bangkok
4219,Prod. (Pattaya)
6906,Prodpraan Eatery (Hua Hin)
3885,Public All Day Dining Grand Mercure Bangkok Atrium
5366,Pulsii Woodfire & Bar
6367,Pura Brasa 
5828,Purple Laurel 紫桂轩
5699,Putahracsa Staycation (Hua Hin)
6756,R Bar at Renaissance Kuala Lumpur Hotel
5870,R Italian Kitchen & Smokehouse 
2421,RIB ROOM & BAR Steakhouse The Landmark Bangkok 
6024,RIVA At Ocean Marina Resort Jomtien (Pattaya)
6398,Ra Biang Na
2908,Rabbit Hole at Phuket (Phuket)
6710,Rabiengview Ayutthaya
4702,Rad Street at The Fig Lobby
6315,Radicle Beer Company
6476,Radius Restaurant at Cape Dara Resort (Pattaya)
5677,Raffles Courtyard at Raffles Hotel Singapore
4664,Railway Restaurant at Centara Grand Beach Resort & Villas (Hua Hin)
222,Rain Tree Cafe at The Athenee Hotel
3113,Rak to Eat (Phuket)
6667,Ralph House
6114,Rama at Furama Silom Hotel
3645,Ramayana Water Park (Chonburi)
4550,Ramen Habu Central Westgate
4549,Ramen Habu Fortune Town
4551,Ramen Habu Tesco Lotus Rattanathibet
6097,Ramen Kaosoi and Japanese Buffet
4960,Rankongpor
3702,Ratchapruek Seafood Buffet
4668,Raynue Gaysorn Amarin
5625,Realpork Korean Pub & Grill Groove at Central World
4044,Reap Factory (Courtyard by Marriott Bangkok Sukhumvit 20)
4592,Red Lobster Emsphere
4077,Red Lobster Queen Sirikit National Convention Center
835,Red Oven SO/ Bangkok
2090,Red Rose Chinese Restaurant & Jazz Lounge at Shanghai Mansion
2909,Red Sky Restaurant 55th Floor
1198,Red Sky Rooftop & Bar 56th Floor
2151,Red Table 2025 Kuala Lumpur
4412,RedSquare Rooftop Bar at Novotel Bangkok Sukhumvit 4
5317,RedTail Bar by Zouk 
2813,Rendezvous Lounge & Bar The Landmark Bangkok Hotel
5411,"Republic Bar and Lounge At The Ritz-Carlton, Millenia Singapore"
5931,Rern
1361,Restaurant DEMO
3065,Restaurant Demo QA
5904,Restaurant PATT
6159,Reun Rom Bar
5990,Ricci Italian Restaurant and Crudo Bar
3041,Rice Restaurant (Phuket)
5628,Riedel Restaurant & Wine Cellar 
3683,Rim Klong Café Mövenpick BDMS Wellness Resort
3021,Rim Rooftop Dining & Bar
1736,Rim Talay @ Amari Patong (Phuket)
5871,Rimba
3336,Rimbungsounprig Bar&Restaurants (Ayutthaya)
6865,Rimklong Mookrata Ratchada 36
6321,Rimsuan Centre Point Hotel Sukhumvit 10
5486,Rinji Japanese Dining Experience
6789,Ripple sea (Chonburi)
1841,River Barge at Chatrium Hotel Riverside Bangkok
1973,River Cafe and Terrace The Peninsula Bangkok Hotel
3752,River Kwai Village Hotel Staycation (Kanchanaburi)
6143,Riverfront Seafood 河滨海鲜
6087,Riviera
6471,Roam Bar Joy 
4614,Roccabkk
6440,Rock Lek Lek Club & Restaurant 90s
816,Rod Dee Ded The Steakhouse
5881,Rogues Bar at InterContinental Bangkok Sukhumvit
2759,Rolling Ribs at Le Méridien Bangkok
894,Romsai Banyan Tree Hotel
5084,Roof 70
6265,Rooftop Pool Bar @Hotel Royal Bangkok
2443,Rooftop Restaurant Pearl Hotel (Phuket)
5970,Ros Krung Esarn Thai Cafe
5280,Ros charoen by Kuang seafood (Pattaya)
4453,Rosded BBQ International Buffet On Nut 90
4452,Rosded BBQ International Buffet Ramkhamhaeng 187
3060,Rosemaree
6317,Rosemary 
5700,Rosprod Central Rama 2
4982,Rosprod Central Westgate
4950,Rosprod CentralWorld
4973,Rosprod Mixt Chatuchak
5717,Rosprod PTT Station Flagship Vibhavadi Rangsit 62
3529,Ross Kitchen at Akara Bangkok
5982,Rossarin Eatery (Hua Hin)
1648,Rossini's at Sheraton Grande Sukhumvit A Luxury Collection Hotel
6852,Rossiwalee
5300,Rostaley Rama 4 
5059,Roy Sen Pad Thai Go Wholesale Ramkhamhaeng
5058,Roy Sen Pad Thai Go Wholesale Rangsit
5057,Roy Sen Pad Thai Sukhumvit 71 
6845,Royal Kitchen Thonglor
5771,Royal Princess Cruise 
6699,Royal Sky Lounge @Hotel Royal Bangkok
4830,Ruedookarn
4764,Ruedooron Buffet Mala Town in Town
6038,Ruedooron by Liyang Bang Khae
6039,Ruedooron by Liyang Lasalle
6037,Ruedooron by Liyang Lat Krabang
6034,Ruedooron by Liyang Town in Town
4598,Ruen Petch Suki - Ratchaphruek Road
1006,Ruen Petch Suki Central Bangna
1007,Ruen Petch Suki Nonthaburi Bypass Road
5590,Ruen Sakhon Cafe & Restaurant
4782,Ruenglalynn Skybar Rooftop
2881,Ruenros Restaurant 
6340,Ruenton Restaurant at Montien Hotel Surawong Bangkok
6753,Ruk Num Cafe (Nakhon Pathom)
6873,Rum&Orange Rooftop Tapas Bar
6312,Rusty.Bkk
6925,Ryoku Cafe 
6422,Ryota Shabu Buffet 89 Plaza (Chiang Mai)
6417,"Ryota Shabu Buffet Bo Sang, (Chiang Mai)"
6419,Ryota Shabu Buffet Central Airport (Chiang Mai)
6425,Ryota Shabu Buffet Central Westgate
6424,Ryota Shabu Buffet Lotus Kum Tiang (Chiang Mai)
6423,Ryota Shabu Buffet MAYA (Chiang Mai)
6271,Róng Ja Halal Chinese food
4170,S Café at S Ram Leisure Hotel
3564,S Café at S31 Sukhumvit Hotel
4169,S Ram Leisure Hotel Staycation
6595,S'More Beach Restaurant and Bar (Pattaya)
3493,S. Signature at S. Sriracha Hotel & Residence (Chonburi)
5070,SC Park Hotel Bangkok Staycation
2462,SEE FAH Centralworld
2454,SEE FAH Esplanade Ratchada 
2452,SEE FAH Esplanade Rattanathibet-Khaerai
2460,SEE FAH Fashion Island
2469,SEE FAH Major Cineplex Ratchayothin
2466,SEE FAH Med Park Hospital
2465,SEE FAH Sathorn (Q House Lumpini Building)
2463,SEE FAH Terminal 21 Asok
4121,SEE FAH Terminal 21 Rama 3
2457,SEE FAH Tesco Lotus Rama 3
2468,SEE FAH Thaniya (Charn Issara 1)
2449,SEE FAH Thonglor
1579,SEEN Rooftop Avani Riverside
6717,SERVE ZAAB TUM YUM YANG
6793,SILK Restaurant at Andara Resort and Villas (Phuket)
3475,SINSA Korean BBQ & Bar
6816,SKIRT At W Singapore – Sentosa Cove 
5583,"SKOSH Cafe | Coffee, Matcha, Onigiri and Sandos"
4390,SM168 Restaurant & Bar 
5810,SOE Coffee & Bistro at The Kiri Pool Villa Resort (Phuket)
4918,SOL and LUNA BKK Rooftop
6269,SOS Shabu Bangchak
6270,SOS Shabu Bearing
5095,SOS Shabu Big C Rama 4
1673,SOSHI So/ Bangkok
5416,SPICE Thai Cuisine and Bar 
6745,STOP BAR V.2
5161,SWD Bangkok At Public House Sukhumvit 31 Hotel
3077,Sabb Inter
6072,Sabio Spanish Tapas
6028,Sabio by the Sea
5253,Sabu Yakiniku
2506,Saffron Contemporary Thai Signature Rooftop Banyan Tree Bangkok
1181,Saffron Cruise by Banyan Tree
2482,Saffron Sky Garden Rooftop Banyan Tree Bangkok
4404,Sai Bistro Restaurant at The Sinae (Phuket)
6123,Sailom Restaurant (Hua Hin)
4415,Sakae The PARQ
5795,Sakon Thai At E!Hub Downtown East
5798,Sakon Thai At Northpoint City
5797,Sakon Thai Village At Tiong Bahru Plaza
6736,Sakuldee Thai Cuisine
3180,Sala Lakorn Riverside Buffet Dinner with Thai Show
6527,Salada Organic Kitchen HomePro Bangna
6523,Salada Organic Kitchen HomePro Rama9
6524,Salada Organic Kitchen La Salle's Avenue
6526,Salada Organic Kitchen Tops Nak Niwat
6426,Salathip at Shangri-La Bangkok
6574,Salmon Inari by My home
6208,Saloon Ari
5542,Samkaew Craft Beer 
5349,Samosorn One Bangkok
4377,Samsen Villa Chiang Mai
4378,Samsen Villa Porto Chino Mahachai (Samut Sakhon)
4376,Samsen Villa Ratchaphruek
5994,Samsuan Dessert & Dining
2439,Samui Aussie Steak & Seafood (Samui)
5304,San Aroi Pochana
5695,Sandee Homey Thai Restaurant (Pattaya)
4749,Saneh Jaan 
5096,Saneh Mookrata
5325,Sanitwong Bites & Brews
5533,Sannin No Sushi
6360,Santacruz Club & Restaurant
5664,Santi's Pizza & Produce
6812,Saon
6872,Sapparos by Chef Zetrong 
6257,Sarnies Cantina
6255,Sarnies One Bangkok
5976,Saruda Finest Pastry Bangkok
5878,Sasirada Cafe
4919,Sathaneemeehoi Huamum Market
4572,Savelberg Thailand 
3629,Savio at Chatrium Grand Bangkok
6341,Savoey Café & Restaurant
1773,Savoey Riverview Rama 3
6642,Sawasdee Chaophraya Cruise 
3900,Scene Amatara Welleisureᵀᴹ Resort (Phuket)
2795,Scoozi Urban Pizza Central Chaengwatta
2792,Scoozi Urban Pizza Emquartier 
2794,Scoozi Urban Pizza Market Village (Hua Hin)
3847,Scoozi Urban Pizza Terminal 21 (Pattaya)
6712,Sdutta Eatery & Bar
2478,Sea Angel Boat Club (Phuket)
6528,Sea Talay (Pattaya)
843,Seafresh Riverside Buffet
1786,Seanery x Hungry Hub (Phuket)
2346,Sears & Co. Bar and Grill Four Points by Sheraton Patong Beach Resort (Phuket)
2928,Seasonal Tastes The Westin Grande Sukhumvit
5887,Sen Sai Isan Bangsaen
6242,Sen Sai Isan Suvarnabhumi
4516,Sensai Japanese Restaurant Muangthong
3898,Senses Amatara Welleisureᵀᴹ Resort (Phuket)
6585,Seoul by Soul Bangna - Bearing
6584,Seoul by Soul Theparak - Saphan Mai
5535,Seoulful 서울풀
5359,Serina Japanese Teppanyaki
5484,Seva.Townhall at Marriott Executive Apartments Town Hall Sukhumvit
5866,Sexy Cow Prime Steak
6719,Shabeebee House 
5101,Shabu & Co.
5254,Shabu 81
3987,Shabu De Bear & The Bear Shabu Sukiyaki Sushi Buffet Mega Bangna
2114,Shabu Henmee Watcharapol
4923,Shabu King
6887,Shabu One Japanese Restaurant at The Nine Rama 9
5835,Shabu Puko Muang Mai (Chonburi)
5834,Shabu Puko Sri Racha (Chonburi)
6454,Shabu Shabu Nang Nai - Sukhaphiban 3
6377,Shabu Shabu Nangnai – Ramintra 5
4990,Shabu Square At For You Park Bangna
5031,Shabu Uud Pen Tor Banthat Thong
6346,Shabu-Suki Izakaya
6782,Shabuku Lam Luk Ka
6916,Shabuku Phran Nok–Pinklao
4446,Shabushi Central Changwattana
4422,Shabushi Central Ladprao
4440,Shabushi Central Pattaya (Pattaya)
4428,Shabushi Central Pinklao
4450,Shabushi Central Rama 2
4435,Shabushi Central Rama 3
4421,Shabushi Central Rama 9
4449,Shabushi Central Ramindra
4438,Shabushi Central Udon (Udon Thani)
4447,Shabushi Central Westgate
4437,Shabushi Central Westville
4439,Shabushi CentralWorld
4426,Shabushi Fashion Island
4425,Shabushi Future Park Rangsit Floor 2
4427,Shabushi Future Park Rangsit Floor B
4416,Shabushi Jungceylon (Phuket)
4420,Shabushi Mega Bangna
4419,Shabushi Robinson Ratchaphruek
4436,Shabushi Samyan Mitrtown
4429,Shabushi Seacon Square
4431,Shabushi Siam Center
4441,Shabushi Terminal 21 Rama 3
4448,Shabushi The Mall Bangkae 
4430,Shabushi The Mall Bangkapi
4442,Shabushi The Mall Tha Phra
4805,Shakariki432 Major Ratchayothin
4804,Shakariki432 Riabduan Ekkamai-Ramintra 
4806,Shakariki432 The Nine Center Rama 9
4735,Shaloba Eatery  
5394,Shanglao
6368,Shark Bite Restaurant
3380,Sharki Suki Buffet
5721,Shelly House
5111,Shibui Omakase
4322,Shibuya Shabu Ekkamai
4323,Shibuya Shabu Rama 9
4498,Shichi Teppanyaki Bangna
4497,Shichi Teppanyaki Ratchapruek
4468,Shida Yakiniku & Izakaya Chaengwattana 14
4469,Shida Yakiniku & Izakaya Prachanukoon
4713,Shidai Kushiyaki
4601,Shiguma Japanese Restaurant - BTS Phra Khanong
3720,Shiguma Japanese Restaurant Bangna
3719,Shiguma Japanese Restaurant Samyan
4123,Shikisai Hotel Nikko Amata City Chonburi (Chonburi)
4788,Shikiya.bangkok
4596,Shin Hattori BKK
6871,Shining Taste
6131,Shinsen Izakaya
1706,Shintaro at Anantara Siam Hotel
4172,Shiori Izakaya
6469,Shizen Machi Omakase
5242,Shizen Shabu & Yakiniku Homepro Bang Na
5237,Shizen Shabu Ekkamai
5239,Shizen Shabu Little Walk Krungthep Kritha
5236,Shizen Shabu Siam Square One (5th Floor)
5238,Shizen Shabu Terminal 21 Rama 3
5241,Shizen Yakiniku Future Park Rangsit
5706,Sho Japanese Dining
6104,ShoSha
5428,Shoko Omakase
2769,Shore Kitchen & Rooftop bar at Hotel clover Patong (Phuket)
3820,ShouSushi
5981,Show Nuea
5211,Shrimp Prawn Seafood
4116,Shu Daxia Hotpot Crystal Design Center CDC
3860,Shui Xin Chinese Restaurant Novotel Bangkok Bangna
4562,Siam India Asiatique the Riverfront
4595,Siam Paragon Tropical Fruit Parade 2025 (Durian Buffet)
3862,Siam Yacht Club Royal Orchid Sheraton Riverside
3896,Siam77 Vintage Home & Restaurant
6751,"Sichuan Kitchen, Four Points "
4257,Sichuan Restuarant Silom 
4559,Signature Bangkok (One Michelin Star)
4780,Signaturebkk Design Village Bangna
4779,Signaturebkk Kanchanaphisek
2533,Silverlake Wine & Grill (Pattaya)
6835,Simbar Restaurant & Bar
4938,Similan Seafood Ratchpruek
4864,Simply Southern Th 
5262,Sindosegi Mega Bangna
5293,Sindosegi Ratchapruek
3654,Sindosegi Siam Square
6349,Sip Wine Shop and Bistro
5995,Sips Café & Bar
3899,Siri Amatara Welleisure Resort (Phuket)
5424,Siri Nhemneaung
1893,Sirimahannop Asiatique The Riverfront
2615,Sky Box (Outdoor Zone): Bangkok Balcony Rooftop 81st Floor Baiyoke Sky Hotel 
6548,Sky Lounge@38 at Eastin Grand Hotel Phayathai
3225,Sky Vibe Rooftop Bar at Seaphere Pattaya Hotel
4096,Sky on 20 Rooftop Bar at Novotel Bangkok Sukhumvit 20
2212,SkyView Patong Staycation (Phuket)
273,Skyline at Avani+ Riverside Bangkok Hotel
1629,Skyview Hotel Sukhumvit Soi 24 Staycation 
6626,Sliding Doors
4514,Sloth Sukiyaki Central Rama 2
4515,Sloth Sukiyaki Jas Urban Srinakarin
5947,Smokestack BBQ & Grill (Phuket) 
5341,Snobbish Restaurant & Bar
5281,Snuggery
6003,So Asean Cafe & Restaurant - FYI Center
6002,So Asean Cafe & Restaurant - Samyan Mitrtown
6001,So Asean Cafe & Restaurant - The Street Ratchada 
6353,So STORY @Kingkaew Coffee Bar & Cafe
5999,So asean Cafe & Restaurant - CW Tower
2816,SoMaek 소맥 
3486,SoiSeoul RuamChok (Chiang Mai)
6019,Sol & Luna Singapore
3924,Sola Luna Rooftop at Grande Centre Point Space (Pattaya)
5591,Soleh Esan Fusion
6354,Solo Beach (Hua Hin) 
5712,Something Journey (Chiang Rai) 
5340,Sompohnpak Isaan So Good
6380,Somsak
5014,Somtum Der Tha Tien 
2042,Somtum Villa (Pattaya)
6839,Sonkram Huahin
4998,Soofu Hotpot At The Nine Center Rama 9
6065,Sook Samraan - Cafe Mookrata
5157,Sook Zaap 56 Asiatique
3966,Sopa
6722,Sorsi & Morsi
4979,SoulBrew Café & Bistro
5575,South Side Keppel | All Day Cafe & Dining
2867,South Tiger CentralWorld
6010,Spaghetti - Italian Food
4117,Spart's Bar Courtyard by Marriott North (Pattaya)
1856,Spectrum Rooftop at Hyatt Regency Bangkok Sukhumvit
1727,Spice & Barley Anantara Riverside Bangkok Resort
3765,Splash Jungle Water Park (Phuket)
6348,Spoon cafe Jungceylon (Phuket)
3870,Sports Bar by Topgolf Megacity
4721,Sra Bua by Kiin Kiin at Siam Kempinski Hotel Bangkok 
5579,Sram Sai Mai
5580,Sram Watcharapol
5297,Sri Kamin Soi Chulalonkorn 5
5596,Sri Thai Restaurant Chaengwattana Laksi
6084,Sriracha In Love at S. Sriracha Hotel & Residence (Chonburi)
4772,Stark Food 
6130,Starlight Rooftop Bar
6611,Steak 700 Rais (Sattahip) 
1767,Stella Palace 79th floor at Baiyoke Sky Hotel 79th floor
6494,Stirling Steaks Capitol
5196,Stock.Room at Kimpton Maa-Lai Bangkok
6679,StrackYum Central Khon Kaen
6685,StrackYum Central Rama 9
6684,StrackYum Central Westgate
6683,StrackYum New Phran Nok
5083,Streats Cafe at ibis Styles Bangkok Ratchada
3854,Suan Bua Centara Grand Ladprao 
4926,Suan Paruj Thai Cuisine
5436,Submarin Bar
5367,Suea Noi Mookrata
5019,Suea Son Nuea
2429,Sui Sian Restaurant The Landmark Bangkok Hotel
5081,Suki Danang Bangyai
5038,Suki Mungon Union Mall
6485,Suki Nangphaya Nawamin
6484,Suki Nangphaya Seacon Bangkae
5180,Suki Nihao Ratchaphruek
6070,Sukii Shabu Samyan
4561,Suki​camp​ Safari
6608,Sukjai by Pata Obasan (Chiang Mai)
3946,Summer Kiss Restaurant & Moon Bar 
4265,Summer Rain Cafe & Casual Dining
1854,Sumo 888 Izakaya Ari
6940,Sun's Cafe at Hotel Grand Pacific Singapore
2801,Sundance Dayclub (Hua Hin)
4651,Sundance Dayclub Staycation (Hua Hin)
6267,Sunny Beach House (Pattaya)
6394,Sunny Offside 
4218,Sunya Bar l Dinso Resort & Villas Phuket (Phuket)
6342,Sunyo Izakaya  
5768,Suparos Thai - Italian Restaurant
6844,Supatra River House
5150,Super Thai by Soi Aroy Upper Aljunied Rd
5216,Super Thai by Soi Aroy l Pasir Panjang
4276,Supergolf & Putter Bar 
6888,Sura Bar Wine and Restaurant
2983,Surf Bar at Courtyard by Marriott North (Pattaya)
1713,Sushi Den Central Eastville
5119,Sushi Hiro Shabu Buffet Central Bangna 
5279,Sushi Hiro Shabu Buffet Central Rama 2
4871,Sushi Hiro Shabu Buffet Rama 9 
5466,Sushi Hiro Shabu Buffet The Crystal SB Ratchapruek
4648,Sushi Hiro Shabu Buffet The Seasons Mall
6831,Sushi Ichizu
6364,Sushi Ken Ken
4655,Sushi Koge Omakase
3944,Sushi Niwa Bangkok Omakase
5868,Sushi Olderchef Serithai
5934,Sushi Seki Central Eastville
4085,Sushi Seki Central Ladprao
4187,Sushi Seki Central Westville
4269,Sushi Seki Mega Bangna
1659,Sushi Seki Siam Paragon (5th Floor)
1661,Sushi Seki The Emquartier
4144,Sushi Seki The Mall Bangkapi
4086,Sushi Seki The Mall Ngamwongwan
5145,Sushina Fortune Town
5146,Sushina Rama 3
5727,Svalbard BKK
5381,Sweet Pista Ekkamai
5007,Swiss Corner Bangkok 
5637,Synthesis 食拿酒稳 Chinese Cuisine 
4776,T and T Restaurant
6330,TAAN Siam@Siam Design Hotel Bangkok
6509,TAK TUANG
6387,TANG TOA DAENG
5821,TANOKE
6890,THE GARDEN (Grande Centre Point Prestige Bangkok)
5829,THE LOBBY at InterContinental Bangkok Sukhumvit
1768,THE Map Mestyle Museum Hotel
783,THINK Cafe @ The BLOC
4082,THIRST at OZO North Pattaya
4796,TORA Yakiniku x Café Crystal Design Center
924,TORA Yakiniku x Café The City Connect 
5766,TOT.ladphrao
5713,TRIBE TABLE at Tribe Bangkok Hotel
6773,TUM PAK PERT (Phra Ram 9)
5097,TaTonYon NorthernFood
5812,Tachinomiya Japanese Izakaya & Bar
5718,Taco Hachi At TRIBE Bangkok Hotel
6917,Tah Siam Music Cafe (Pattaya)
5958,Tai Soon Bar
4974,Tai Thun Tuek Bar and Restaurant
6406,Tairyo Sushi - Ari
6410,Tairyo Sushi - Ladprao
6409,Tairyo Sushi - Market Village Rangsit
6411,Tairyo Sushi - Seacon Square Srinakarin
5638,Taisho-Tei
3948,Take A Train Rooftop Izakaya Bar
3188,Take Japanese Restaurant (Phuket)
6785,Take Sushi Ao Nang (Krabi)
4703,Take a Breath - café & eatery 
1625,Takieng at Renaissance Resort & Spa (Phuket)
5736,Taksim Restaurant
3618,Takumi at Jubilee Prestige Hotel Ratchadapisek
4477,Taliew Big C Kanlapaphruek
4483,Taliew Imperial Samrong
4478,Taliew Lotus's : Bang Kruai - Sai Noi
4480,Taliew Lotus's Rangsit
4479,Taliew Lotus's Sukhaphiban 3
4481,Taliew Lotus’s Rama 4
4482,Taliew MBK Center
6848,Talung (Chiang Mai)
6640,Tam Zab 195
4697,Tamade Sake Bar
5540,Tamaya Omakase
6725,Tanburi Hyatt Centric City Centre
3766,Tandoori Junction
2044,Tantitium (Phuket)
4827,Tanuki Izakaya
4724,Tanwa The Food Project 
3856,Tap It Crowne Plaza Bangkok Lumpini Park
4781,Tap Yard
3340,Tapas Vino Restaurant at Hilton Bangkok Grande Asoke
4890,Tapori
6697,Tara Terrace
5442,Tarn Ayutthaya (Ayutthaya)
4962,Taro Izakaya Rama 9 
6074,Taste and Toast
6142,Taste of Seafood 海鮮的味道
4527,Taurus Lake-taurant & Cafe Ramkhamhaeng 110
6531,Tawan Cafe • Bistro
6082,Tea Factory and More
2031,Tea Factory and More (Pattaya)
5597,Tea Lounge at Conrad Singapore Orchard
4977,Teeshot Bar At Bangkok Marriott Marquis Queen’s Park
4869,Temkum Sushi Chokchai 4
4867,Temkum Sushi Pracharat Bamphen
5377,Temmor Shabu
6850,Tempered One Bangkok 
2755,Tempt Bar&Bistro (Phuket)
4484,Tenko Omakase at Pullman Bangkok King Power
3482,Tensai Buffet at The Paseo Kanchanaphisek
4362,Tenshino at Pullman Bangkok King Power
3619,Tenyuu Grand Omakase
3639,Tenyuu Omakase (Chiang Mai)
6284,Teraoka Gyoza Central Ladprao
6285,Teraoka Gyoza Emsphere 
6283,Teraoka Gyoza Siam Paragon 
4115,Terra Nova The Crystal
6092,Terre Grounding Eatery (Phuket)
5937,Tha Siam Authentic Thai Kitchen Parklane
5933,Tha Siam Authentic Thai Kitchen(Orchard Plaza) 
5932,Tha Siam Mookata
4401,Tha Tubtong
6632,Thaan Fai Restaurant Rama 9
5698,Thachang At Bugis Junction
5697,Thachang At Telok Ayer
3321,Thai Me Up Restaurant & Bar Eleven Hotel Sukhumvit 11
5045,ThailaoS Bar Grill 
5093,Thaipas
5407,Thale at Akara Hotel (Pattaya)
5681,Tham-Me Bantadthong
5683,Tham-Me Sammakorn
5385,Than Rice Bowl & Coffee Eakkamai 12
5386,Than Rice Bowl & Coffee Komfort Place Ratchayothin
5002,Than.sa.mai Room
2566,Thanankarn Cafe (Pattaya)
1538,Thara Thong Royal Orchid Sheraton
5859,That 1 Place
6220,Thaveechai Pochana Kallapaphruek
6219,Thaveechai Pochana Rama 3
6217,Thaveechai Pochana Suan Mali
6020,The Alkaff Mansion 
1552,The Allium Bangkok at The Athenee Hotel
5448,The Astor Grill at The St. Regis Singapore
1561,The Bakery at The Athenee Hotel
3930,The Bar Novotel Bangkok Bangna
5759,The Barracuda Sky Gala at Akara (Pattaya)
3194,The Beach Phuket
5470,The Beef Master MBK Center
5472,The Beef Master Nana
902,The Berkeley Dining Room
6607,The Best Veggie Khaoyai
5660,The Big Tree Eatery and Bar
3466,The Black Cat at Sindhorn Midtown Hotel Bangkok
6156,The Blooming Gallery 
6134,The Bottleman Wine Bar
5183,The Brasserie l Holiday Inn Bangkok Silom
6552,The Brasserie l Holiday Inn Rayong
4069,The Bre-Eze Restaurant at Fair House Villas & Spa (Samui)
3478,The Bridge Bar and Bistro by The Xcape River Kwai (Kanchanaburi)
5299,The Bull (Pattaya)
5874,The Butcher's Wife
5909,The Cafe Mookata Ari
5548,The Camellia Koh Kret
5461,The Canteen by Enjoy
2824,The Chocolate Factory Pattanakarn
6597,The Cocktail Office
6365,The Coffee Academics Gaysorn Village
2810,The Coffee Club Ashlee Hub Hotel Patong (Phuket)
6112,The Coffee Club Avani Sukhumvit
1834,The Coffee Club Boat Avenue (Phuket)
3928,The Coffee Club Boat Lagoon (Phuket)
6115,The Coffee Club Central (Pattaya)
6109,The Coffee Club Central Festival (Samui)
1682,The Coffee Club Chatrium Sathorn Narathiwas 24
1836,The Coffee Club Day Inn (Phuket)
1685,The Coffee Club Holiday Inn Express Sathorn
6113,The Coffee Club Kokotel Hotel (Krabi)
1671,The Coffee Club Maitria Hotel
1683,The Coffee Club Mode Sathorn BTS Surasak
3929,The Coffee Club Old Town (Phuket)
1684,The Coffee Club River City
3076,The Coffee Club Riverside Plaza
1831,The Coffee Club Royal Garden Plaza (Pattaya)
2201,The Coffee Club Samyan Mitrtown
1666,The Coffee Club Singha Complex
6116,The Coffee Club Staybridge Thonglor
2811,The Coffee Club TCC OZO Kata (Phuket)
1835,The Coffee Club Terminal 21 Pattaya
1686,The Coffee Club Tha Maharaj
1963,The Coffee Club The Allez Sukhumvit 13
6111,The Coffee Club The Coast (Phuket)
1837,The Coffee Club Turtle Village (Phuket)
1667,The Coffee Club Wireless Road
2773,The Continent Hotel Staycation
3985,The Coral Cosmo Lounge Suvarnabhumi Airport
3373,The Coral Finest Business Class Suvarnabhumi (International)
3045,The Coral Lounge Don Mueang
3770,The Coral Lounge Don Mueang - International Departure Lounge
3043,The Coral Lounge Phuket
3044,The Coral Premium Lounge Suvarnabhumi (Domestic)
5167,The Corner of Flavor The First
6735,The Courtyard At Pavilion Hotel Kuala Lumpur
6140,The Courtyard At The Fullerton Hotel Singapore
5875,The Cradle At Ayara Kamala Resort & Spa (Phuket)
4992,The Crystal Grill House at Asiatique The Riverfront
6318,The Deck Bangkok
2272,The Dim Sun Bar at Avista Grande Phuket Karon - M Gallery Collection (Phuket) 
2001,The Dining Room at Grand Hyatt Erawan
6215,The Dishes Riverside
2434,The District Grill Room & Bar Bangkok Marriott Hotel Sukhumvit
5454,The Eleven Riverside
6017,The Emerald Coffee Shop  | The Emerald Hotel
1023,The Emperor Montien Riverside Hotel
5551,The Empress at Royal Princess Larn Luang Hotel
6163,The Factory Corner
4638,The Farmer and The Fisherman (Phuket)
5292,The Garden Eatery
6278,The Governor Bangkok At Hilton Bangkok Grande Asoke
5678,The Grand Lobby at Raffles Hotel Singapore
6602,The Grill House Rooftop (Khaoyai)
5761,The Grille & Picolo Eatery
6357,The Grumpy Bear Cafe
2704,The Hilltop Aonang (Krabi)
4055,The Home Bar Bangkok
5571,The Horse's Mouth
5094,The House by Hongkong House
1457,The House of Smooth Curry - The Athenee Hotel
3294,The Hub Cafe and Eatery
4639,The Hungry Duck Central Embassy
4693,The Karaked Siam Square One
4692,The Karaked Sukhumvit 36
4298,The Kinopolis 
1153,The Kitchen Table (Buffet) at W Bangkok Hotel 
6819,The Kitchen Table at W Singapore – Sentosa Cove 
4108,The Kites Eatery at INNSiDE by Meliá Bangkok Sukhumvit
3518,The Lancaster Bar at Lancaster Bangkok
6136,The Landing Point At The Fullerton Bay Hotel Singapore
3007,The Letter Press Cafe & Restaurant at The Printing House Poshtel Bangkok
220,The Living Room at Sheraton Grande Sukhumvit A Luxury Collection Hotel
4410,The Lobby Lounge at Hyatt Regency Bangkok Sukhumvit
3686,The Local Restaurant Don Mueang - Rangsit
4862,The Lost Atlantis at the Secret Beach of Wong Amart
6847,The Marca Turkish Restaurant
2596,The Market Restaurant at Hilton Resort & Spa (Hua Hin)
3633,The Market Restaurant at Mercure Bangkok Sukhumvit 24 
6281,The Market@5 At Eastin Grand Phayathai Hotel Bangkok
2675,The Mayflower Restaurant at Dusit Princess Srinakarin
4161,The Melting Clock
6231,The Mesh Bangkok 
928,The Mulberry Chinese Cuisine The Berkeley Hotel
2710,The Naka Island (Phuket)
4283,The O.S.S by Jim Thompson
3122,The Oasis at Hotel Nikko Bangkok
2284,The Oyster Bay 101 True Digital Park 
5021,The Oyster bar x Ramkhamhaeng 164
2324,The PIT Master Nonthaburi
6190,The Pablo Bangkok
4111,The Park Khaoyai Cafe and Restaurant (Khao Yai) 
5723,The Park Restaurant & Cafe Si Racha (Chonburi)
4140,The Pasta Apartment Silom
4488,The Pasta&Steak House By Chef Top
4896,The Pinnacle Haus
5938,The Planet Cruise 
3006,The Press Sky Bar Rooftop at The Printing House Poshtel Bangkok
3810,The Prism Bangkok
6716,The Public Restaurant & Bar
6498,The Quad @ Landmark Bangkok Hotel
3372,The Raweekanlaya Dining by The Raweekanlaya Bangkok Wellness Cuisine Resort
6011,The Red Door BKK
5950,The Restaurant at Wyndham Hua Hin Pranburi Resort & Villa
2991,The Rooftop by Mode Sathorn Hotel
2788,The Royal Kitchen Chinese Restaurant Royal Paradise Patong (Phuket)
3681,The Salil Hotel Riverside - Bangkok Staycation
4139,"The Sanctuary Resort Pattaya, BW Signature Collection Staycation (Pattaya)"
3970,The Sathorn by Mode Sathorn Hotel
1433,The Seafood Cafe & Restaurant
5755,The Seafood Market by House of White Bee Hoon
5985,The Second BKK
6004,The Secret Door 
3949,The Siam Tea Room (Asiatique the Riverfront Branch)
1458,The Silk Road - The Athenee Hotel
2022,The Sky 32 at Grande CentrePoint Hotel (Pattaya)
6918,The Small Town Story Chongqing Hotpot Bangna (小城故事重庆火锅邦那店)
5140,The Speakeasy Rooftop Bar Bangkok
5206,The Spot
3980,The Square Novotel Bangkok Platinum Pratunam
2627,The Square at Novotel Bangkok Bangna
4983,The Square at Novotel Bangkok IMPACT
5558,The Square at Novotel Bangkok Siam Square 
5449,The St. Regis Bar
2634,The St. Regis Bar and The Drawing Room
5110,"The Standard Grill at The Standard, Bangkok Mahanakhon"
3711,The Station at Mercure Bangkok Makkasan
5384,The Stationed Lat Krabang 16
4494,The Story House at The Siam Hotel
6221,"The Tram Restaurant, Bar & Wine Cellar (Pattaya)"
4571,The Urban Deck Cafe I Bistro I Bar
3632,The Vue Bar Rooftop at Mercure Bangkok Sukhumvit 24 
6414,The White House 
4662,The White House Bangkok
6054,The White Tiffin (Changi City Point)
6055,The White Tiffin (Woods Square Mall)
6056,The White Tiffin @ AMK Hub
828,The local Table at Paradox Bangkok
6145,The' Tea House FN Outlet (Hua Hin)
5438,Theatre Residence Staycation
5444,Theatre Riverside
4521,Thien Duong at Baan Dusit Thani
5602,Thirteen BBQ Bar 十三烤吧
6700,Thong Dang Southern Thai Cuisine 
4774,Thong Kee Restaurant 
5171,Thong Nua Kao Premium Thai BBQ Banthat Thong
5172,Thong Nua Kao Premium Thai BBQ Crystal Design Center
5692,Thong Shabu & Yakiniku Hide Thonglor Soi 9 
4557,Three Dots & A Dash (Hua Hin)
4473,ThreeSixty Jazz Lounge at Millennium Hilton Bangkok
4471,ThreeSixty Rooftop Bar at Millennium Hilton Bangkok
3600,Throwback Rooftop Bangkok at Silom Edge
4184,Tibet Gate
5665,Tiffin Room at Raffles Hotel Singapore
6788,Tiger Gyu Moo-krata
4752,Tiger Hotpot 
6264,Tikishi Paradise Park 
6266,Tikishi Suksawat
4287,Tillie Bar
5420,Timber & Toast at Le Bali Resort & Spa (Pattaya)
6235,Time's Dining Ari Hills
6238,Time's Dining Charoen Nakhon 
6237,Time's Dining Gateway At Bang Sue
6701,Ting Tai Fu
5791,Tipsy Cow (Steakhouse) at W Bangkok Hotel
3942,Tiva Urban Thaittoria at Pullman Bangkok Hotel G
4343,Toast Brunch & Brew (Pattaya)
5159,Together & Co at Hilton Garden Inn Bangkok Riverside
803,Tohkai Japanese Restaurant Mega Bangna
801,Tohkai Japanese Restaurant Terminal 21 Asok
6770,Tokyo Kushiyaki lzakaya & Bar
4296,Tokyoxxx Premium 23 
6474,Tolmablock
5997,Tom Paa 
5391,Tom Toon Shabu Siam Square
5168,Tomo Izakaya
5256,Tong Tem Toh Muang Thong Thani
4933,Tong Tong Haan Kanlapaphruek
4932,Tong Tong Haan Thanon Chan
5582,Tongnorth Express Naknivas
5589,Tongnorth Express Sai Mai
5034,Tongtemtoh Bkk Sai2
5658,Toni Toni-Eat Drink Workshop
3760,Tony's Sukhumvit 11
3937,Top Knot Rooftop Bar & Restaurant at Hotel Once Bangkok
6253,Topazio Bar at La Miniera Pool Villas (Pattaya)
3828,Topgolf Megacity
2743,Toplofty Cafe (Khao Yai)
4392,Tops EATERY Central Chidlom
4794,Tops EATERY Central Ladprao
4795,Tops EATERY Central Patong (Phuket)
4548,Tops EATERY CentralWorld
4547,Tops EATERY Porto de Phuket
4793,Tops EATERY Rama 2
5884,Tora-San At CentrePoint Orchard
5036,Torikin Izakaya
6734,Torito At Banyan Tree Kuala Lumpur
6331,Totonoi Sauna & Onsen整 
6141,Town Restaurant At The Fullerton Hotel Singapore
2888,Trader Vic's
4963,Traveler's Tap 
5983,Treat Restaurant at Oakwood Hotel & Residence Bangkok 
6475,Treehouse Health Bar
5364,Tropicana At NH Bangkok Sukhumvit Boulevard
4822,Tsai Eatery 
1769,Tsu Japanese Restaurant at JW Marriott Hotel Bangkok
5631,Tsubohachi Beehive
5629,Tsubohachi Central Westgate
5635,Tsubohachi Cosmo Bazaar
5636,Tsubohachi Robinson Ratchaphruek
5632,Tsubohachi The Promenade
5633,Tsubohachi Zpell Future Park
4698,Tsunami Suki & Grill Prachachuen
4964,Tsunami Suki & Grill Vibhavadi 60
4860,Tsunami-Foodie Bangna
4798,Tsuru Saru イザカヤ
3882,Tu Bar Rooftop at Sri Panwa (Phuket)
5593,TuangernTuathong Cafe
4802,Tuengnua Tuengtua Sathon
6413,Tukabkhao by Jerajaras Bangkok Kreetha
6412,Tukabkhao by Jerajaras Don Mueang
4465,Tum 20 Chaengwattana 14
4460,Tum 20 Donmueang
4464,Tum 20 Ratchada-Sutthisan
4461,Tum 20 Saimai
6757,Tum Krachud Ayutthaya
4993,Tum Surin
4393,Tum-Pak-Pert Cafe’ & Restaurant
4506,Tunu Tarnar
6529,Turn Ekkamai
5451,Twelve Flavours
5898,UGO Ristorante Italiano
6491,UNA at The Alkaff Mansion
6226,UNFOLLOW BAR&BISTRO
2442,UNO MAS at Centara Grand Central World
6337,UTOPIA Bangkok Tarot & Wine
3536,Ugly Dough
6503,Umai Shabu Shabu Twin Town
6504,Umai Shabu Shabu V.K.P
6688,Umami 10
3996,Umeshuthai Sukhumvit 45
5605,Uncle Leong Signatures (Fairprice Hub)
4841,Uncleree Farm
6806,Unicorn Cruise 
5996,Untill Today Coffee
5210,Untitled House
447,Up & Above Restaurant and Bar (Rooftop) at The Okura Prestige Bangkok
3279,Uraki Omakase
2649,Uzzie Restaurant by Maitria Mode Sukhumvit 15
1350,VANIDA Bangkok
4295,VIVIN Asok 
6630,VIVIN Sukhumvit 22
6610,Va Presto
4594,Valia Hotel Bangkok Staycation
3956,Vamps Cuisine
3586,Vana Nava Sky Bar Rooftop at Holiday Inn (Hua Hin)
4194,Vana Nava Water Jungle (Hua Hin)
5267,Vantage Point One Bangkok
3901,Vantage Point QSNCC
6772,Vasco's At Hilton Kuala Lumpur
5669,Veganerie Concept
6442,Veganerie Grand Palace
5676,Veganerie Lasalle
5686,Veganerie Nana
5673,Veganerie Ratchathewi
5675,Veganerie Silom
6132,Vegas Cafe & Gallery
4246,Vela - Low&Slow Cooked On-Nut 
4245,Vela - Low&Slow Cooked Phet Kasem
4244,Vela - Low&Slow Cooked Phutthamonthon Sai 2
4247,Vela - Low&Slow Cooked Rattanathibet
3802,Vela Bhirom at Villa Deva Resort and Hotel
1572,Vela Rooftop Sanampao 
2015,Ventisi Restaurant Centara Grand at CentralWorld
6079,Verandah Rooftop Rotisserie At Momentus Hotel Alexandra
4239,Verde - Café & Restaurant 
4742,Versailles Palace Jaransanitwong
4741,Versailles Palace Nonthaburi
280,Vertigo Rooftop Banyan Tree
712,Vertigo TOO Banyan Tree
5244,Vetmon Cafe 
5361,Viengviet Bang Yai
3763,View & Grill Rooftop Bar-B-Q
6286,View Tiew Mai
4542,Vikarn Bangkok
3804,Villa Deva Resort & Hotel Bangkok Staycation
4829,Vincere La Pizza
3195,Vinifera Wine Bar & Restaurant
2144,Virgin Rooftop (Pattaya)
5353,Vision Bistro
3457,Vista Restaurant at Cassia (Phuket)
2250,Viu The St. Regis Bangkok
3932,Viva Alangka Cruise
4658,W Lounge at W Bangkok
3818,W Omakase Pradit Manutham
5153,WAKANUI Grill Dining 
5056,WASHI Cosmo Muang Thong Thani
4967,WASHI Gateway Bangsue
4966,WASHI Market Village Suvarnabhumi
4965,WASHI Robinson Lat Krabang
4968,WASHI Seacon Square Srinagarindra
6311,WINESTONE Mercure on Steven SG
6465,Waa Cow! Vivocity
6668,Waan Grob Farm & Cafe
4895,Wagatomo Izakaya
5756,Wagyu Kurabu Premium Yakiniku 
6746,Wagyu Volcano
4174,Wagyu Yakiniku Ken
5440,Wagyusun Sukhumvit 22 
5987,Wahn Jeab
5018,Wake Me Up Café & Bistro
6480,Walala Beach Bar at Cape Dara Resort (Pattaya)
4338,Walk Rooftop Bar at Centara Watergate Pavilion Hotel Bangkok
6154,Wander BKK
5927,Wangluang
5078,Wanwaan.BKK
5320,Warm Up Cafe @ Grantral Mall Macpherson
5318,Warm Up Cafe @ Mackenzie Road
5319,Warm Up Cafe @ The Star Vista
4240,Warng Warng Original Taiwan Mala Shabu Terminal 21 Asok
6428,Washo Japanese Restaurant
3440,Watashi Japanese Restaurant at Hotel de l'amour (Buriram)
5643,Waterfall Lounge at Furama Riverfront Hotel
4670,Waterside Karaoke Restaurant
4009,Waves & Wind Grande Centre Point (Pattaya)
4125,Weaver Experience Dining at SILQ Hotel & Residence
6958,Werng Public Market at Central Chidlom (Bib Gourmand)
6570,West Coast Thailand
5328,Whale Klang Krung by Na Klongwan
5077,Whisper Bar & Bistro
6336,White House Cafe & Restaurant 
2594,White Lotus Restaurant and Rooftop at Hilton Resort & Spa (Hua Hin)
3999,White Orchid River Cruise Asiatique The Riverfront
3997,White Orchid River Cruise Iconsiam
6534,Whole Gain Changmoi (Chiangmai)
6535,Whole Gain Old Town (Chiangmai)
6950,Why So Delicious - YSD.bkk
5209,Wild Blaze Steakhouse
5344,Wild Child Pizzette 
6492,Wine & Food Terrace (Chiang Mai)
6573,Wine DE' Suu 
3248,Wine I Love You Asiatique The Riverfront
4589,Wine Pairing
5914,Wine Society
6359,Wine Universe Singapore
5434,Winkin Scintilla (Rayong)
6893,Winner House Vietnamese Cuisine 
6372,Witch Luck Cafe & Restaurants
4881,Wok Wayy 
3969,Wok Wok Andaz Pattaya Jomtien Beach (Pattaya)
5992,Wonderful Pearl Cruise
6280,Wonderland Upside Down
6854,Wuunwine
4716,Wyndham Jomtien Staycation (Pattaya)
6669,XSO Kitchen at Best Western Plus Nexen (Pattaya)
6636,XYZ Pinklao
5611,Xi An Yiam  Banthat Thong
5622,Xi An Yiam New Petchaburi
6202,Xiao Fuwang Hotpot (Central Westville)
6203,Xiao Fuwang Hotpot (One Bangkok)
2483,Xin Tian Di Crowne Plaza Bangkok Lumpini Park
4730,Xing Xing Mala Bang Bon
4731,Xing Xing Mala PhutthaMonthon Sai 2
4728,Xing Xing Mala Rama 3
4727,Xing Xing Mala Wongwian Yai
4891,Xing Xing Shabu & Grill
5273,Xufu Mookrata
6099,YANKII- Robatayaki & Bar
4645,YAWA Modern Japanese Cuisine
6016,YOK Chinese Restaurant | The Emerald Hotel
2446,YTSB SUSHIBAR - VIE Hotel Bangkok
6029,Yakiniku En
5330,Yakiniku Marukyu Ito 焼肉丸久伊藤 
3030,Yakiniku Shoutaian 2nd Rich
6502,Yakiniku Tan & Shabushabu
2319,Yamazato at The Okura Prestige Bangkok
5001,Yang Gao Gorn
5423,Yanghin Seuton Geulil Rama 4
5760,Yao Restaurant Bangkok Marriott Hotel The Surawongse
1146,Yao Rooftop Bar Bangkok Marriott Hotel The Surawongse
4629,Ye Lai Xiang 夜来香 Huai Khwang
4628,Ye Lai Xiang 夜来香 Mrt Huai Khwang
5035,Ye Lai Xiang 夜来香 Ratchada Soi 13
4630,Ye Lai Xiang 夜来香 Rca
5485,Ye Lai Xiang 夜来香 Rca 2
5598,Yelo Osha
5469,Yenjit Cafe
5971,Yenney
6305,Yeon
6739,Yi Lu Lingxian Seafood Hotpot 
5418,Yi Pin Xiang Bang Rak
5419,Yi Pin Xiang Rama 4
2069,Yin D House (Chonburi)
6157,Yoki Niku よきにく (Chonburi)
6532,Yokkrok Zabzone
4997,Yoodya Boat Noodle At Workpoint Alley Rangsit
5000,Yoodya Boat Noodle Khlong Luang
5158,Yoodya Boat Noodle Phanan Choeng (Ayutthaya)
3334,Yoong Khao Hom I'm Park Chula
4914,You & I Restaurant and Bar at We Hotel Riverfront
1238,You&I Premium Suki Buffet Central Eastville
3660,You&I Premium Suki Buffet Central Phuket (Phuket)
1236,You&I Premium Suki Buffet Central Westgate
2884,You&I Premium Suki Buffet CentralWorld
1363,You&I Premium Suki Buffet Fashion Island
3659,You&I Premium Suki Buffet ICS
3908,You&I Premium Suki Buffet Marche Thonglor 
1235,You&I Premium Suki Buffet Mega Bangna
3935,You&I Premium Suki Buffet Passione Shopping Destination (Rayong)
1336,You&I Premium Suki Buffet Samyan Mitrtown
3111,You&I Premium Suki Buffet Siam Center
3409,You&I Premium Suki Buffet Terminal 21 Rama 3
1410,You&I Premium Suki Buffet The Crystal Ratchapruek
1365,You&I Premium Suki Buffet The EmQuartier
1364,You&I Premium Suki Buffet The Mall Bangkae
3543,You&I Premium Suki Buffet The Mall Ngamwongwan
1337,You&I Premium Suki Buffet The Nine Center
1239,You&I Premium Suki Buffet Zpell Future Park Rangsit 
6352,Yu Gu Xiang 遇故湘
5284,Yuan-Thai
5694,Yuki Wagyu Shabu Izakaya
3889,Yum&Tum K-Village
4065,Yumcha Steam King Lotus's North Ratchaphruek
5830,Yumcha Teahouse Empire Tower
5104,Yume and Mellow Izakaya
5393,Yummhee Yummy
4309,Yunnan (Chon buri)
4310,Yunnan (Rayong)
4308,Yunnan Bangpoon
6204,Yunnan Renjia
4969,Yuppies’ Yummies
6842,Yurijin Izakaya & Japanese Dining Ekkamai
4167,Yurijin Izakaya & Japanese Dining Ratchada
4970,YuuPot Shabu and Grill  Wayra Ramkhamhaen
6628,Yuufuku Japanese Food
4851,Yuupot Shabu & Korean BBQ Buffet 당신의 냄비 Yingcharoen Square
6809,Yuzu Suki ゆずすき - ICONSIAM
3000,ZILA STREET BISTRO & BAR @MASON
4799,Zaab On Nut Station
4951,Zaap Classic Bantadthong
4302,Zaap Classic Emquartier
4306,Zaap Classic Lotus’s Sukhaphiban 3
4305,Zaap Classic Phahon Yothin
4303,Zaap Classic Pridi Banomyong
4710,Zaap Classic Seacon Square Srinagarindra
5214,Zaap Classic The Mall Bangkhae
5422,Zaap Classic The Mall Thapra
5114,Zab Siam
6386,Zabzone
6254,Zaffiro Restaurant at La Miniera Pool Villas (Pattaya)
4980,Zalid Kitchen
5750,Zanzibar 
6537,Zao Ekkamai
6540,Zaozen One Bangkok
6541,Zaozen The Mall Lifestore Ngamwongwan
3579,Zeascape at Zenmaya Oceanfront (Phuket)
3058,Zeppelin Restaurant Amari Don Muang Airport Hotel 
1559,Zest Bar & Terrace @ The Westin Grande Sukhumvit
1825,Zeta Café Holiday Inn Bangkok Sukhumvit 22
1807,Zhang Restaurant (Rama Gardens Hotel)
6858,Zheng Huang Qi Dumpling King
5047,Zhong Ped Pa Low Wanghin
4892,Zio Aldo Pizza and Spaghetteria 
3558,Zodiac Bar at Oakwood Suites Tiwanon
3630,Zodiac Cafe and Restaurant
3927,Zong Zi Pad Pad Rustic Cuisine • Lounge (Koh Chang)
4000,edm
5327,ilmiri Korean Fusion Cuisine
5679,laidekuai 莱得快
6521,nice two Meat u Central Eastville
6518,nice two Meat u Central World
6510,nice two Meat u EmQuartier
6513,nice two Meat u Future Park Rangsit
6506,nice two Meat u ICONSIAM
6508,nice two Meat u Mega Bangna 
6515,nice two Meat u One Bangkok
6505,nice two Meat u Siam Square Soi 3
6512,nice two Meat u The Mall Bangkhae
6519,nice two Meat u The Mall Ngamwongwan
6507,nice two Meat u The Promenade 
5916,sala ayutthaya staycation (Ayutthaya)
5917,sala bang pa-in Staycation (Ayutthaya)
5399,"ก.39 Pork BBQ - Butter Grill - Shabu, Kaset-Nawamin"
6635,อร่อย Together
5906,一品居中餐馆 Yi Pin Ju Chinese Restaurant
5899,中国好味道 China Taste
5649,馥苑 Fu Yuan Teochew Dining
